Data,Fechamento
01/10/2021,113.125
30/09/2021,110.665
29/09/2021,111.165
28/09/2021,110.030
27/09/2021,113.410
24/09/2021,113.760
23/09/2021,114.050
22/09/2021,112.450
21/09/2021,110.240
20/09/2021,109.630
17/09/2021,111.250
16/09/2021,114.400
15/09/2021,115.620
14/09/2021,116.900
13/09/2021,116.705
10/09/2021,114.700
09/09/2021,117.090
08/09/2021,113.830
06/09/2021,118.360
03/09/2021,116.900
02/09/2021,117.175
01/09/2021,119.200
31/08/2021,119.215
30/08/2021,120.610
27/08/2021,120.855
26/08/2021,119.580
25/08/2021,121.400
24/08/2021,121.250
23/08/2021,118.020
20/08/2021,118.900
19/08/2021,118.010
18/08/2021,116.985
17/08/2021,118.160
16/08/2021,120.646
13/08/2021,122.254
12/08/2021,121.715
11/08/2021,123.132
10/08/2021,123.480
09/08/2021,124.045
06/08/2021,124.125
05/08/2021,122.128
04/08/2021,123.056
03/08/2021,124.282
02/08/2021,124.216
30/07/2021,123.339
29/07/2021,126.515
28/07/2021,127.408
27/07/2021,125.809
26/07/2021,127.297
23/07/2021,126.051
22/07/2021,127.640
21/07/2021,127.499
20/07/2021,126.611
19/07/2021,126.127
16/07/2021,127.514
15/07/2021,129.137
14/07/2021,130.085
13/07/2021,129.944
12/07/2021,129.591
08/07/2021,126.757
07/07/2021,128.472
06/07/2021,126.394
05/07/2021,128.784
02/07/2021,129.506
01/07/2021,127.151
30/06/2021,128.079
29/06/2021,128.860
28/06/2021,129.097
25/06/2021,129.188
24/06/2021,131.245
23/06/2021,130.277
22/06/2021,130.872
21/06/2021,131.003
18/06/2021,129.616
17/06/2021,130.398
16/06/2021,131.003
15/06/2021,132.102
14/06/2021,132.311
11/06/2021,131.665
10/06/2021,132.235
09/06/2021,131.853
08/06/2021,132.092
07/06/2021,132.651
04/06/2021,132.219
02/06/2021,131.533
01/06/2021,130.517
31/05/2021,128.180
28/05/2021,127.535
27/05/2021,126.605
26/05/2021,125.889
25/05/2021,125.305
24/05/2021,126.148
21/05/2021,124.736
20/05/2021,124.766
19/05/2021,125.081
18/05/2021,124.868
17/05/2021,125.000
14/05/2021,123.816
13/05/2021,122.892
12/05/2021,121.825
11/05/2021,124.944
10/05/2021,124.151
07/05/2021,124.431
06/05/2021,122.292
05/05/2021,122.033
04/05/2021,120.072
03/05/2021,121.449
30/04/2021,120.991
29/04/2021,122.211
28/04/2021,123.933
27/04/2021,121.118
26/04/2021,123.232
23/04/2021,123.151
22/04/2021,122.165
20/04/2021,122.221
19/04/2021,123.283
16/04/2021,123.588
15/04/2021,123.049
14/04/2021,122.846
13/04/2021,121.637
12/04/2021,121.243
09/04/2021,120.379
08/04/2021,120.855
07/04/2021,120.604
06/04/2021,120.374
05/04/2021,120.196
01/04/2021,117.242
31/03/2021,119.173
30/03/2021,119.582
29/03/2021,118.100
26/03/2021,117.359
25/03/2021,116.015
24/03/2021,114.232
23/03/2021,115.627
22/03/2021,117.988
19/03/2021,118.422
18/03/2021,117.840
17/03/2021,119.173
16/03/2021,116.720
15/03/2021,117.574
12/03/2021,116.715
11/03/2021,117.186
10/03/2021,115.489
09/03/2021,113.552
08/03/2021,111.406
05/03/2021,117.957
04/03/2021,115.954
03/03/2021,113.792
02/03/2021,114.451
01/03/2021,112.847
26/02/2021,112.274
25/02/2021,114.492
24/02/2021,118.509
23/02/2021,118.085
22/02/2021,114.615
19/02/2021,120.824
18/02/2021,121.836
17/02/2021,123.364
12/02/2021,122.602
11/02/2021,122.731
10/02/2021,121.213
09/02/2021,122.561
08/02/2021,122.726
05/02/2021,123.587
04/02/2021,122.028
03/02/2021,122.910
02/02/2021,121.608
01/02/2021,120.464
29/01/2021,117.895
28/01/2021,122.531
27/01/2021,118.459
26/01/2021,119.279
22/01/2021,120.454
21/01/2021,121.167
20/01/2021,122.756
19/01/2021,123.751
18/01/2021,124.336
15/01/2021,123.387
14/01/2021,126.408
13/01/2021,125.397
12/01/2021,127.341
11/01/2021,126.638
08/01/2021,128.592
07/01/2021,126.428
06/01/2021,122.182
05/01/2021,122.090
04/01/2021,121.690
30/12/2020,122.254
29/12/2020,122.613
28/12/2020,122.669
23/12/2020,120.920
22/12/2020,120.038
21/12/2020,118.869
18/12/2020,121.079
17/12/2020,121.864
16/12/2020,120.920
15/12/2020,119.669
14/12/2020,117.581
11/12/2020,118.497
10/12/2020,118.620
09/12/2020,116.233
08/12/2020,117.020
07/12/2020,117.015
04/12/2020,116.763
03/12/2020,115.647
02/12/2020,115.225
01/12/2020,114.598
30/11/2020,112.643
27/11/2020,113.569
26/11/2020,113.476
25/11/2020,113.235
24/11/2020,113.363
23/11/2020,110.534
20/11/2020,109.248
19/11/2020,109.557
18/11/2020,108.914
17/11/2020,110.442
16/11/2020,109.969
13/11/2020,107.988
12/11/2020,105.854
11/11/2020,108.148
10/11/2020,107.860
09/11/2020,106.214
06/11/2020,103.935
05/11/2020,103.971
04/11/2020,101.225
03/11/2020,98.550
30/10/2020,97.213
29/10/2020,98.488
28/10/2020,97.778
27/10/2020,101.687
26/10/2020,104.259
23/10/2020,104.563
22/10/2020,105.319
21/10/2020,103.591
20/10/2020,103.837
19/10/2020,101.687
16/10/2020,101.507
15/10/2020,101.945
14/10/2020,102.078
13/10/2020,101.276
09/10/2020,100.780
08/10/2020,100.842
07/10/2020,98.855
06/10/2020,98.493
05/10/2020,99.066
02/10/2020,96.310
01/10/2020,98.354
30/09/2020,98.148
29/09/2020,96.496
28/09/2020,97.569
25/09/2020,100.197
24/09/2020,100.099
23/09/2020,98.721
22/09/2020,100.151
21/09/2020,100.109
18/09/2020,101.297
17/09/2020,103.455
16/09/2020,102.938
15/09/2020,103.687
14/09/2020,103.408
11/09/2020,101.338
10/09/2020,101.544
09/09/2020,104.595
08/09/2020,103.351
04/09/2020,104.281
03/09/2020,104.337
02/09/2020,105.850
01/09/2020,105.509
31/08/2020,102.938
28/08/2020,105.829
27/08/2020,104.301
26/08/2020,103.909
25/08/2020,105.375
24/08/2020,105.767
21/08/2020,104.611
20/08/2020,104.642
19/08/2020,104.043
18/08/2020,105.437
17/08/2020,103.042
14/08/2020,104.900
13/08/2020,103.666
12/08/2020,106.227
11/08/2020,105.871
10/08/2020,106.662
07/08/2020,106.284
06/08/2020,107.454
05/08/2020,106.517
04/08/2020,105.312
03/08/2020,106.678
31/07/2020,106.672
30/07/2020,109.518
29/07/2020,109.052
28/07/2020,107.500
27/07/2020,107.759
24/07/2020,106.052
23/07/2020,106.015
22/07/2020,108.095
21/07/2020,108.017
20/07/2020,107.888
17/07/2020,106.776
16/07/2020,104.344
15/07/2020,105.534
14/07/2020,103.931
13/07/2020,101.727
10/07/2020,103.413
09/07/2020,102.544
08/07/2020,103.610
07/07/2020,101.287
06/07/2020,102.741
03/07/2020,100.330
02/07/2020,99.833
01/07/2020,99.492
30/06/2020,98.307
29/06/2020,99.513
26/06/2020,96.698
25/06/2020,99.528
24/06/2020,97.981
23/06/2020,99.218
22/06/2020,99.119
19/06/2020,99.585
18/06/2020,99.316
17/06/2020,98.923
16/06/2020,97.154
15/06/2020,95.904
12/06/2020,96.402
10/06/2020,97.807
09/06/2020,100.083
08/06/2020,101.311
05/06/2020,97.931
04/06/2020,97.257
03/06/2020,96.080
02/06/2020,94.800
01/06/2020,92.156
29/05/2020,90.829
28/05/2020,89.813
27/05/2020,91.254
26/05/2020,89.248
25/05/2020,89.232
22/05/2020,87.438
21/05/2020,86.318
20/05/2020,84.608
19/05/2020,83.856
18/05/2020,84.504
15/05/2020,80.460
14/05/2020,82.347
13/05/2020,81.331
12/05/2020,80.419
11/05/2020,81.912
08/05/2020,83.581
07/05/2020,81.782
06/05/2020,81.653
05/05/2020,83.218
04/05/2020,82.015
30/04/2020,83.052
29/04/2020,87.252
28/04/2020,84.504
27/04/2020,81.129
24/04/2020,79.506
23/04/2020,82.539
22/04/2020,83.467
20/04/2020,82.487
17/04/2020,82.197
16/04/2020,82.378
15/04/2020,82.430
14/04/2020,83.156
13/04/2020,82.279
09/04/2020,81.152
08/04/2020,82.066
07/04/2020,79.491
06/04/2020,77.223
03/04/2020,71.913
02/04/2020,74.996
01/04/2020,73.916
31/03/2020,74.716
30/03/2020,77.965
27/03/2020,76.123
26/03/2020,80.597
25/03/2020,77.446
24/03/2020,71.633
23/03/2020,66.302
20/03/2020,68.726
19/03/2020,68.087
18/03/2020,70.771
17/03/2020,76.102
16/03/2020,73.024
13/03/2020,83.052
12/03/2020,74.877
11/03/2020,83.613
10/03/2020,96.133
09/03/2020,89.364
06/03/2020,101.614
05/03/2020,106.696
04/03/2020,111.508
03/03/2020,109.525
02/03/2020,111.394
28/02/2020,108.964
27/02/2020,106.930
26/02/2020,110.106
21/02/2020,118.609
20/02/2020,119.258
19/02/2020,121.412
18/02/2020,120.114
17/02/2020,120.125
14/02/2020,119.346
13/02/2020,120.581
12/02/2020,121.838
11/02/2020,120.462
10/02/2020,117.907
07/02/2020,118.418
06/02/2020,120.206
05/02/2020,121.390
04/02/2020,120.681
03/02/2020,119.721
31/01/2020,118.793
30/01/2020,120.493
29/01/2020,120.472
28/01/2020,121.620
27/01/2020,119.555
24/01/2020,123.576
23/01/2020,124.978
22/01/2020,123.654
21/01/2020,122.261
20/01/2020,124.227
17/01/2020,123.925
16/01/2020,122.058
15/01/2020,121.823
14/01/2020,122.997
13/01/2020,122.950
10/01/2020,120.905
09/01/2020,121.364
08/01/2020,121.516
07/01/2020,122.115
06/01/2020,122.402
03/01/2020,123.445
02/01/2020,124.227
30/12/2019,120.785
27/12/2019,121.917
26/12/2019,122.798
23/12/2019,121.359
20/12/2019,120.723
19/12/2019,120.879
18/12/2019,119.899
17/12/2019,118.287
16/12/2019,117.909
13/12/2019,118.498
12/12/2019,118.003
11/12/2019,116.700
10/12/2019,116.458
09/12/2019,116.826
06/12/2019,116.852
05/12/2019,116.416
04/12/2019,116.143
03/12/2019,114.739
02/12/2019,114.597
29/11/2019,113.988
28/11/2019,114.166
27/11/2019,113.457
26/11/2019,113.189
25/11/2019,114.151
22/11/2019,114.534
21/11/2019,113.520
19/11/2019,111.538
18/11/2019,111.980
14/11/2019,112.379
13/11/2019,112.064
12/11/2019,112.379
11/11/2019,114.403
08/11/2019,113.430
07/11/2019,115.586
06/11/2019,114.487
05/11/2019,114.760
04/11/2019,114.944
01/11/2019,114.534
31/10/2019,113.099
30/10/2019,114.587
29/10/2019,113.946
28/10/2019,114.087
25/10/2019,113.609
24/10/2019,113.325
23/10/2019,113.783
22/10/2019,113.268
21/10/2019,112.400
18/10/2019,110.692
17/10/2019,111.354
16/10/2019,111.496
15/10/2019,110.434
14/10/2019,110.848
11/10/2019,109.893
10/10/2019,108.582
09/10/2019,107.601
08/10/2019,105.913
07/10/2019,106.768
04/10/2019,108.752
03/10/2019,107.813
02/10/2019,107.282
01/10/2019,110.413
30/09/2019,111.506
27/09/2019,111.963
26/09/2019,111.814
25/09/2019,111.135
24/09/2019,110.519
23/09/2019,111.432
20/09/2019,111.342
19/09/2019,111.177
18/09/2019,111.379
17/09/2019,111.671
16/09/2019,110.535
13/09/2019,110.270
12/09/2019,111.029
11/09/2019,110.477
10/09/2019,109.814
09/09/2019,110.185
06/09/2019,109.936
05/09/2019,108.864
04/09/2019,107.818
03/09/2019,106.550
02/09/2019,107.585
30/08/2019,108.492
29/08/2019,107.771
28/08/2019,104.491
27/08/2019,103.823
26/08/2019,101.828
23/08/2019,104.422
22/08/2019,106.985
21/08/2019,108.407
20/08/2019,105.839
19/08/2019,106.317
16/08/2019,107.044
15/08/2019,105.998
14/08/2019,107.107
13/08/2019,110.854
12/08/2019,108.868
09/08/2019,111.266
08/08/2019,111.860
07/08/2019,110.131
06/08/2019,109.585
05/08/2019,107.016
02/08/2019,110.211
01/08/2019,109.200
31/07/2019,109.092
30/07/2019,110.484
29/07/2019,111.276
26/07/2019,110.361
25/07/2019,110.254
24/07/2019,111.587
23/07/2019,111.694
22/07/2019,111.822
19/07/2019,110.977
18/07/2019,112.770
17/07/2019,111.683
16/07/2019,111.699
15/07/2019,112.079
12/07/2019,111.844
11/07/2019,113.113
10/07/2019,113.728
08/07/2019,112.684
05/07/2019,112.261
04/07/2019,111.437
03/07/2019,109.922
02/07/2019,108.354
01/07/2019,109.360
28/06/2019,108.520
27/06/2019,108.637
26/06/2019,108.514
25/06/2019,107.599
24/06/2019,110.249
21/06/2019,110.184
19/06/2019,108.557
18/06/2019,107.594
17/06/2019,105.554
14/06/2019,105.613
13/06/2019,107.165
12/06/2019,106.512
11/06/2019,107.133
10/06/2019,105.133
07/06/2019,105.944
06/06/2019,104.755
05/06/2019,104.214
04/06/2019,105.636
03/06/2019,105.133
31/05/2019,104.982
30/05/2019,105.728
29/05/2019,104.366
28/05/2019,104.506
27/05/2019,102.977
24/05/2019,101.236
23/05/2019,102.052
22/05/2019,102.641
21/05/2019,102.674
20/05/2019,100.225
17/05/2019,98.042
16/05/2019,97.717
15/05/2019,98.939
14/05/2019,99.750
13/05/2019,98.431
10/05/2019,101.950
09/05/2019,102.917
08/05/2019,103.782
07/05/2019,103.014
06/05/2019,102.998
03/05/2019,104.398
02/05/2019,103.890
30/04/2019,104.917
29/04/2019,104.652
26/04/2019,104.728
25/04/2019,104.971
24/04/2019,103.566
23/04/2019,104.593
22/04/2019,103.074
18/04/2019,102.782
17/04/2019,101.966
16/04/2019,103.025
15/04/2019,101.444
12/04/2019,101.509
11/04/2019,103.712
10/04/2019,104.585
09/04/2019,105.125
08/04/2019,106.319
05/04/2019,106.242
04/04/2019,105.348
03/04/2019,103.603
02/04/2019,104.334
01/04/2019,104.825
29/03/2019,103.952
28/03/2019,103.276
27/03/2019,98.696
26/03/2019,103.767
25/03/2019,102.535
22/03/2019,102.049
21/03/2019,105.953
20/03/2019,106.684
19/03/2019,109.045
18/03/2019,109.601
15/03/2019,108.216
14/03/2019,108.020
13/03/2019,108.145
12/03/2019,107.317
11/03/2019,107.529
08/03/2019,104.694
07/03/2019,103.843
06/03/2019,103.232
01/03/2019,103.761
28/02/2019,104.639
27/02/2019,106.831
26/02/2019,107.093
25/02/2019,106.875
22/02/2019,107.551
21/02/2019,106.657
20/02/2019,106.395
19/02/2019,107.126
18/02/2019,106.210
15/02/2019,107.126
14/02/2019,107.960
13/02/2019,105.697
12/02/2019,105.763
11/02/2019,103.928
08/02/2019,104.782
07/02/2019,104.087
06/02/2019,104.379
05/02/2019,108.512
04/02/2019,108.397
01/02/2019,108.060
31/01/2019,107.675
30/01/2019,107.069
29/01/2019,105.487
28/01/2019,105.366
24/01/2019,107.928
23/01/2019,106.644
22/01/2019,104.809
21/01/2019,106.413
18/01/2019,106.121
17/01/2019,105.570
16/01/2019,104.479
15/01/2019,104.209
14/01/2019,104.479
11/01/2019,103.652
10/01/2019,103.966
09/01/2019,103.735
08/01/2019,102.109
07/01/2019,101.668
04/01/2019,101.911
03/01/2019,101.150
02/01/2019,100.941
28/12/2018,97.188
27/12/2018,94.912
26/12/2018,94.516
21/12/2018,94.780
20/12/2018,95.111
19/12/2018,94.890
18/12/2018,96.323
17/12/2018,96.048
14/12/2018,97.111
13/12/2018,97.602
12/12/2018,96.891
11/12/2018,96.158
10/12/2018,95.347
07/12/2018,97.707
06/12/2018,98.778
05/12/2018,98.928
04/12/2018,98.378
03/12/2018,99.650
30/11/2018,99.483
29/11/2018,99.594
28/11/2018,99.095
27/11/2018,97.651
26/11/2018,95.064
23/11/2018,95.858
22/11/2018,97.379
21/11/2018,97.224
19/11/2018,97.968
16/11/2018,98.628
14/11/2018,95.708
13/11/2018,94.787
12/11/2018,95.497
09/11/2018,95.764
08/11/2018,95.497
07/11/2018,98.151
06/11/2018,99.106
05/11/2018,99.922
01/11/2018,98.223
31/10/2018,97.374
30/10/2018,97.240
29/10/2018,93.321
26/10/2018,96.247
25/10/2018,93.549
24/10/2018,92.938
23/10/2018,95.819
22/10/2018,95.642
19/10/2018,94.465
18/10/2018,93.782
17/10/2018,96.041
16/10/2018,96.130
15/10/2018,93.024
11/10/2018,93.455
10/10/2018,93.511
09/10/2018,96.169
08/10/2018,96.600
05/10/2018,92.672
04/10/2018,93.063
03/10/2018,93.741
02/10/2018,91.698
01/10/2018,88.407
28/09/2018,88.799
27/09/2018,89.432
26/09/2018,88.105
25/09/2018,88.385
24/09/2018,87.562
21/09/2018,88.799
20/09/2018,87.859
19/09/2018,87.602
18/09/2018,87.378
17/09/2018,86.292
14/09/2018,84.837
13/09/2018,83.684
12/09/2018,84.199
11/09/2018,84.222
10/09/2018,86.068
06/09/2018,86.628
05/09/2018,84.210
04/09/2018,83.897
03/09/2018,85.744
31/08/2018,86.449
30/08/2018,85.956
29/08/2018,88.665
28/08/2018,87.747
27/08/2018,87.445
24/08/2018,86.180
23/08/2018,85.386
22/08/2018,86.964
21/08/2018,84.311
20/08/2018,86.191
17/08/2018,85.621
16/08/2018,86.785
15/08/2018,86.768
14/08/2018,88.581
13/08/2018,87.870
10/08/2018,86.255
09/08/2018,88.829
08/08/2018,89.027
07/08/2018,91.087
06/08/2018,91.511
03/08/2018,92.053
02/08/2018,90.263
01/08/2018,89.732
31/07/2018,89.507
30/07/2018,90.760
27/07/2018,90.596
26/07/2018,90.066
25/07/2018,90.850
24/07/2018,89.563
23/07/2018,88.146
20/07/2018,88.750
19/07/2018,89.134
18/07/2018,87.373
17/07/2018,88.558
16/07/2018,87.141
13/07/2018,86.944
12/07/2018,86.368
11/07/2018,84.663
10/07/2018,84.127
06/07/2018,85.346
05/07/2018,84.471
04/07/2018,85.081
03/07/2018,83.658
02/07/2018,83.105
29/06/2018,82.253
28/06/2018,81.575
27/06/2018,79.944
26/06/2018,81.005
25/06/2018,81.288
22/06/2018,80.136
21/06/2018,79.368
20/06/2018,82.366
19/06/2018,81.214
18/06/2018,79.487
15/06/2018,80.305
14/06/2018,81.367
13/06/2018,82.366
12/06/2018,83.433
11/06/2018,82.551
08/06/2018,83.387
07/06/2018,84.721
06/06/2018,86.559
05/06/2018,87.767
04/06/2018,90.035
01/06/2018,89.004
30/05/2018,88.431
29/05/2018,87.040
28/05/2018,86.118
25/05/2018,90.653
24/05/2018,91.936
23/05/2018,93.104
22/05/2018,95.005
21/05/2018,94.249
18/05/2018,95.159
17/05/2018,95.921
16/05/2018,99.385
15/05/2018,98.234
14/05/2018,98.314
11/05/2018,98.349
10/05/2018,98.830
09/05/2018,97.055
08/05/2018,95.932
07/05/2018,94.993
04/05/2018,95.726
03/05/2018,95.852
02/05/2018,97.318
30/04/2018,98.790
27/04/2018,99.631
26/04/2018,99.923
25/04/2018,98.469
24/04/2018,98.606
23/04/2018,98.944
20/04/2018,99.168
19/04/2018,99.007
18/04/2018,98.732
17/04/2018,97.146
16/04/2018,95.460
13/04/2018,97.164
12/04/2018,98.700
11/04/2018,98.943
10/04/2018,97.961
09/04/2018,96.355
06/04/2018,98.105
05/04/2018,98.642
04/04/2018,98.192
03/04/2018,97.631
02/04/2018,98.180
29/03/2018,99.075
28/03/2018,97.152
27/03/2018,96.840
26/03/2018,99.058
23/03/2018,98.192
22/03/2018,97.730
21/03/2018,98.798
20/03/2018,97.793
19/03/2018,97.689
16/03/2018,98.157
15/03/2018,99.000
14/03/2018,99.901
13/03/2018,100.502
12/03/2018,100.964
09/03/2018,100.421
08/03/2018,98.908
07/03/2018,99.416
06/03/2018,99.468
05/03/2018,99.948
02/03/2018,99.936
01/03/2018,99.555
28/02/2018,99.387
27/02/2018,101.149
26/02/2018,102.229
23/02/2018,101.842
22/02/2018,101.184
21/02/2018,100.034
20/02/2018,100.167
19/02/2018,98.931
16/02/2018,98.758
15/02/2018,98.336
14/02/2018,97.528
09/02/2018,94.726
08/02/2018,95.171
07/02/2018,97.161
06/02/2018,98.730
05/02/2018,95.592
02/02/2018,98.642
01/02/2018,100.246
31/01/2018,99.772
30/01/2018,99.175
29/01/2018,99.262
26/01/2018,100.427
24/01/2018,98.390
23/01/2018,94.627
22/01/2018,95.856
19/01/2018,95.376
18/01/2018,95.054
17/01/2018,95.505
16/01/2018,93.877
15/01/2018,93.895
12/01/2018,93.286
11/01/2018,93.421
10/01/2018,92.127
09/01/2018,92.765
08/01/2018,93.444
05/01/2018,93.222
04/01/2018,92.654
03/01/2018,91.776
02/01/2018,91.659
28/12/2017,89.862
27/12/2017,89.675
26/12/2017,89.494
22/12/2017,88.943
21/12/2017,88.803
20/12/2017,86.719
19/12/2017,85.748
18/12/2017,86.508
15/12/2017,85.426
14/12/2017,85.537
13/12/2017,86.040
12/12/2017,87.738
11/12/2017,86.249
08/12/2017,85.817
07/12/2017,85.593
06/12/2017,86.757
05/12/2017,85.670
04/12/2017,86.284
01/12/2017,85.475
30/11/2017,84.967
29/11/2017,86.012
28/11/2017,88.033
27/11/2017,87.856
24/11/2017,87.696
23/11/2017,88.258
22/11/2017,88.411
21/11/2017,88.323
17/11/2017,87.082
16/11/2017,86.024
14/11/2017,84.281
13/11/2017,86.136
10/11/2017,85.965
09/11/2017,86.715
08/11/2017,88.447
07/11/2017,86.119
06/11/2017,88.417
03/11/2017,87.950
01/11/2017,87.720
31/10/2017,88.328
30/10/2017,89.043
27/10/2017,90.414
26/10/2017,90.603
25/10/2017,91.395
24/10/2017,91.105
23/10/2017,89.947
20/10/2017,90.987
19/10/2017,91.034
18/10/2017,91.501
17/10/2017,90.822
16/10/2017,91.501
13/10/2017,91.745
11/10/2017,91.477
10/10/2017,91.560
09/10/2017,90.714
06/10/2017,90.738
05/10/2017,91.310
04/10/2017,91.525
03/10/2017,91.864
02/10/2017,88.820
29/09/2017,88.880
28/09/2017,87.694
27/09/2017,88.165
26/09/2017,88.784
25/09/2017,88.957
22/09/2017,90.101
21/09/2017,90.548
20/09/2017,91.084
19/09/2017,91.143
18/09/2017,91.084
15/09/2017,90.977
14/09/2017,89.386
13/09/2017,89.994
12/09/2017,89.606
11/09/2017,89.344
08/09/2017,87.956
06/09/2017,88.641
05/09/2017,86.711
04/09/2017,86.735
01/09/2017,86.592
31/08/2017,85.008
30/08/2017,85.097
29/08/2017,86.026
28/08/2017,85.585
25/08/2017,85.603
24/08/2017,85.865
23/08/2017,84.740
22/08/2017,85.151
21/08/2017,82.899
18/08/2017,82.958
17/08/2017,82.089
16/08/2017,82.827
15/08/2017,82.792
14/08/2017,82.502
11/08/2017,80.602
10/08/2017,80.807
09/08/2017,81.905
08/08/2017,81.959
07/08/2017,82.285
04/08/2017,80.699
03/08/2017,80.590
02/08/2017,81.296
01/08/2017,80.645
31/07/2017,79.571
28/07/2017,79.426
27/07/2017,79.046
26/07/2017,78.606
25/07/2017,79.541
24/07/2017,79.046
21/07/2017,78.467
20/07/2017,78.835
19/07/2017,79.197
18/07/2017,79.463
17/07/2017,79.125
14/07/2017,79.662
13/07/2017,79.324
12/07/2017,78.884
11/07/2017,77.647
10/07/2017,76.857
07/07/2017,75.971
06/07/2017,75.928
05/07/2017,76.893
04/07/2017,77.195
03/07/2017,77.074
30/06/2017,76.592
29/06/2017,76.109
28/06/2017,75.717
27/06/2017,75.241
26/06/2017,76.459
23/06/2017,74.764
22/06/2017,74.957
21/06/2017,74.391
20/06/2017,73.999
19/06/2017,76.061
16/06/2017,75.621
14/06/2017,75.748
13/06/2017,75.693
12/06/2017,75.540
09/06/2017,76.177
08/06/2017,76.856
07/06/2017,77.481
06/06/2017,77.297
05/06/2017,76.691
02/06/2017,76.550
01/06/2017,76.550
31/05/2017,77.071
30/05/2017,78.589
29/05/2017,78.583
26/05/2017,78.907
25/05/2017,77.989
24/05/2017,78.087
23/05/2017,77.315
22/05/2017,76.128
19/05/2017,77.230
18/05/2017,75.295
17/05/2017,83.241
16/05/2017,84.918
15/05/2017,84.643
12/05/2017,84.006
11/05/2017,83.357
10/05/2017,83.364
09/05/2017,81.919
08/05/2017,81.233
05/05/2017,81.350
04/05/2017,80.033
03/05/2017,81.680
02/05/2017,82.880
28/04/2017,81.044
27/04/2017,80.186
26/04/2017,80.315
25/04/2017,80.731
24/04/2017,80.082
20/04/2017,79.121
19/04/2017,78.632
18/04/2017,79.605
17/04/2017,80.193
13/04/2017,78.087
12/04/2017,79.495
11/04/2017,80.419
10/04/2017,80.338
07/04/2017,80.456
06/04/2017,79.978
05/04/2017,80.407
04/04/2017,81.992
03/04/2017,81.526
31/03/2017,80.985
30/03/2017,81.576
29/03/2017,82.048
28/03/2017,80.481
27/03/2017,80.463
24/03/2017,80.065
23/03/2017,79.462
22/03/2017,79.281
21/03/2017,78.566
20/03/2017,81.097
17/03/2017,80.500
16/03/2017,82.334
15/03/2017,83.136
14/03/2017,81.296
13/03/2017,82.117
10/03/2017,81.209
09/03/2017,80.997
08/03/2017,81.209
07/03/2017,82.508
06/03/2017,83.435
03/03/2017,83.920
02/03/2017,82.813
01/03/2017,84.337
24/02/2017,83.976
23/02/2017,84.927
22/02/2017,86.556
21/02/2017,87.228
20/02/2017,86.525
17/02/2017,85.338
16/02/2017,85.611
15/02/2017,85.872
14/02/2017,84.442
13/02/2017,84.480
10/02/2017,83.571
09/02/2017,81.993
08/02/2017,82.227
07/02/2017,81.034
06/02/2017,81.091
03/02/2017,82.403
02/02/2017,81.867
01/02/2017,82.246
31/01/2017,81.987
30/01/2017,81.545
27/01/2017,83.937
26/01/2017,84.076
24/01/2017,83.697
23/01/2017,83.862
20/01/2017,82.094
19/01/2017,81.678
18/01/2017,81.425
17/01/2017,81.867
16/01/2017,81.349
13/01/2017,81.286
12/01/2017,81.652
11/01/2017,79.702
10/01/2017,79.632
09/01/2017,78.900
06/01/2017,78.900
05/01/2017,79.134
04/01/2017,78.951
03/01/2017,79.191
02/01/2017,76.110
29/12/2016,76.944
28/12/2016,76.622
27/12/2016,75.277
26/12/2016,75.403
23/12/2016,74.659
22/12/2016,73.472
21/12/2016,73.882
20/12/2016,74.034
19/12/2016,73.346
16/12/2016,75.063
15/12/2016,75.309
14/12/2016,74.457
13/12/2016,76.401
12/12/2016,76.208
09/12/2016,77.905
08/12/2016,78.034
07/12/2016,79.255
06/12/2016,78.689
05/12/2016,76.992
02/12/2016,77.789
01/12/2016,76.703
30/11/2016,80.039
29/11/2016,78.837
28/11/2016,81.505
25/11/2016,79.699
24/11/2016,79.345
23/11/2016,80.335
22/11/2016,80.554
21/11/2016,79.281
18/11/2016,77.712
17/11/2016,77.506
16/11/2016,79.229
14/11/2016,77.686
11/11/2016,77.018
10/11/2016,79.268
09/11/2016,82.225
08/11/2016,83.575
07/11/2016,83.742
04/11/2016,80.258
03/11/2016,80.464
01/11/2016,82.418
31/10/2016,84.829
28/10/2016,83.961
27/10/2016,83.768
26/10/2016,83.550
25/10/2016,83.357
24/10/2016,83.794
21/10/2016,83.742
20/10/2016,83.562
19/10/2016,83.119
18/10/2016,83.511
17/10/2016,82.354
14/10/2016,81.229
13/10/2016,80.232
11/10/2016,79.988
10/10/2016,81.162
07/10/2016,80.349
06/10/2016,79.542
05/10/2016,78.998
04/10/2016,78.093
03/10/2016,78.152
30/09/2016,76.821
29/09/2016,76.624
28/09/2016,78.395
27/09/2016,77.110
26/09/2016,76.552
23/09/2016,77.444
22/09/2016,77.962
21/09/2016,77.306
20/09/2016,76.106
19/09/2016,75.890
16/09/2016,75.641
15/09/2016,76.454
14/09/2016,75.569
13/09/2016,75.274
12/09/2016,77.503
09/09/2016,76.323
08/09/2016,79.732
06/09/2016,79.772
05/09/2016,79.208
02/09/2016,79.214
01/09/2016,77.503
31/08/2016,76.467
30/08/2016,77.968
29/08/2016,78.106
26/08/2016,77.024
25/08/2016,76.926
24/08/2016,77.201
23/08/2016,77.110
22/08/2016,77.103
19/08/2016,79.063
18/08/2016,78.945
17/08/2016,79.483
16/08/2016,78.355
15/08/2016,78.977
12/08/2016,77.814
11/08/2016,78.309
10/08/2016,76.076
09/08/2016,77.426
08/08/2016,77.373
05/08/2016,77.279
04/08/2016,77.299
03/08/2016,76.731
02/08/2016,75.501
01/08/2016,76.263
29/07/2016,77.279
28/07/2016,76.450
27/07/2016,76.477
26/07/2016,76.611
25/07/2016,76.711
22/07/2016,76.818
21/07/2016,76.611
20/07/2016,76.316
19/07/2016,76.824
18/07/2016,76.664
15/07/2016,74.605
14/07/2016,74.672
13/07/2016,73.930
12/07/2016,73.261
11/07/2016,72.867
08/07/2016,71.985
07/07/2016,70.527
06/07/2016,70.634
05/07/2016,70.273
04/07/2016,71.436
01/07/2016,70.928
30/06/2016,69.778
29/06/2016,69.591
28/06/2016,68.201
27/06/2016,66.784
24/06/2016,67.713
23/06/2016,70.754
22/06/2016,68.054
21/06/2016,69.310
20/06/2016,68.682
17/06/2016,67.586
16/06/2016,67.519
15/06/2016,66.469
14/06/2016,66.182
13/06/2016,67.772
10/06/2016,67.226
09/06/2016,69.805
08/06/2016,70.555
07/06/2016,69.266
06/06/2016,68.802
03/06/2016,69.204
02/06/2016,68.433
01/06/2016,66.973
31/05/2016,66.291
30/05/2016,67.055
27/05/2016,67.451
25/05/2016,67.956
24/05/2016,67.758
23/05/2016,67.396
20/05/2016,68.393
19/05/2016,68.979
18/05/2016,69.389
17/05/2016,70.112
16/05/2016,71.367
13/05/2016,70.753
12/05/2016,73.319
11/05/2016,72.568
10/05/2016,73.960
09/05/2016,70.460
06/05/2016,71.442
05/05/2016,71.722
04/05/2016,72.827
03/05/2016,72.391
02/05/2016,74.062
29/04/2016,74.444
28/04/2016,75.597
27/04/2016,75.911
26/04/2016,73.933
25/04/2016,71.872
22/04/2016,73.619
20/04/2016,74.356
19/04/2016,74.594
18/04/2016,73.237
15/04/2016,73.960
14/04/2016,73.257
13/04/2016,73.066
12/04/2016,72.732
11/04/2016,69.711
08/04/2016,70.296
07/04/2016,67.644
06/04/2016,67.233
05/04/2016,68.083
04/04/2016,67.658
01/04/2016,70.574
31/03/2016,70.031
30/03/2016,71.416
29/03/2016,71.556
28/03/2016,71.396
24/03/2016,69.663
23/03/2016,69.029
22/03/2016,71.841
21/03/2016,71.716
18/03/2016,70.992
17/03/2016,72.133
16/03/2016,67.651
15/03/2016,66.259
14/03/2016,67.971
11/03/2016,69.739
10/03/2016,69.864
09/03/2016,68.625
08/03/2016,69.321
07/03/2016,69.321
04/03/2016,69.315
03/03/2016,66.517
02/03/2016,63.127
01/03/2016,62.292
29/02/2016,60.134
26/02/2016,58.527
25/02/2016,59.090
24/02/2016,59.438
23/02/2016,59.946
22/02/2016,61.290
19/02/2016,58.575
18/02/2016,58.520
17/02/2016,58.631
16/02/2016,58.185
15/02/2016,57.206
12/02/2016,56.710
11/02/2016,55.787
10/02/2016,57.334
05/02/2016,57.689
04/02/2016,58.185
03/02/2016,56.305
02/02/2016,54.709
01/02/2016,57.760
29/01/2016,57.540
28/01/2016,55.049
27/01/2016,54.709
26/01/2016,53.360
22/01/2016,54.212
21/01/2016,53.836
20/01/2016,53.928
19/01/2016,54.425
18/01/2016,54.382
15/01/2016,55.269
14/01/2016,56.482
13/01/2016,55.574
12/01/2016,56.695
11/01/2016,57.057
08/01/2016,57.973
07/01/2016,58.334
06/01/2016,59.754
05/01/2016,60.917
04/01/2016,60.385
30/12/2015,62.372
29/12/2015,62.755
28/12/2015,62.869
23/12/2015,63.351
22/12/2015,62.656
21/12/2015,62.031
18/12/2015,63.011
17/12/2015,64.572
16/12/2015,65.643
15/12/2015,64.721
14/12/2015,64.613
11/12/2015,65.298
10/12/2015,66.011
09/12/2015,66.812
08/12/2015,64.014
07/12/2015,65.471
04/12/2015,65.723
03/12/2015,66.768
02/12/2015,64.605
01/12/2015,64.865
30/11/2015,65.182
27/11/2015,66.235
26/11/2015,68.283
25/11/2015,67.908
24/11/2015,70.143
23/11/2015,69.494
19/11/2015,70.258
18/11/2015,69.155
17/11/2015,68.448
16/11/2015,68.355
13/11/2015,67.634
12/11/2015,67.778
11/11/2015,68.412
10/11/2015,67.605
09/11/2015,66.913
06/11/2015,68.463
05/11/2015,69.624
04/11/2015,69.681
03/11/2015,70.770
30/10/2015,66.898
29/10/2015,66.480
28/10/2015,68.081
27/10/2015,68.427
26/10/2015,69.133
23/10/2015,69.357
22/10/2015,70.114
21/10/2015,68.427
20/10/2015,68.686
19/10/2015,69.364
16/10/2015,68.614
15/10/2015,69.025
14/10/2015,68.420
13/10/2015,69.508
09/10/2015,72.745
08/10/2015,72.142
07/10/2015,71.885
06/10/2015,69.950
05/10/2015,70.126
02/10/2015,69.670
01/10/2015,67.279
30/09/2015,66.404
29/09/2015,65.183
28/09/2015,64.932
25/09/2015,65.830
24/09/2015,67.169
23/09/2015,66.727
22/09/2015,68.442
21/09/2015,69.229
18/09/2015,69.670
17/09/2015,72.054
16/09/2015,71.804
15/09/2015,70.178
14/09/2015,71.289
11/09/2015,69.111
10/09/2015,69.339
09/09/2015,69.597
08/09/2015,69.464
04/09/2015,69.133
03/09/2015,70.384
02/09/2015,69.280
01/09/2015,67.816
31/08/2015,68.993
28/08/2015,70.332
27/08/2015,71.465
26/08/2015,68.854
25/08/2015,65.771
24/08/2015,66.610
21/08/2015,67.787
20/08/2015,69.398
19/08/2015,69.619
18/08/2015,70.811
17/08/2015,70.958
14/08/2015,71.142
13/08/2015,71.532
12/08/2015,72.731
11/08/2015,74.747
10/08/2015,73.997
07/08/2015,72.595
06/08/2015,75.099
05/08/2015,75.361
04/08/2015,75.354
03/08/2015,75.511
31/07/2015,76.688
30/07/2015,74.971
29/07/2015,75.391
28/07/2015,74.807
27/07/2015,73.659
24/07/2015,74.192
23/07/2015,74.552
22/07/2015,76.816
21/07/2015,77.820
20/07/2015,77.970
17/07/2015,78.855
16/07/2015,80.189
15/07/2015,80.369
14/07/2015,80.594
13/07/2015,80.369
10/07/2015,79.545
08/07/2015,78.233
07/07/2015,79.365
06/07/2015,79.320
03/07/2015,79.665
02/07/2015,80.564
01/07/2015,80.309
30/06/2015,80.639
29/06/2015,80.669
26/06/2015,82.094
25/06/2015,81.082
24/06/2015,82.019
23/06/2015,81.659
22/06/2015,82.079
19/06/2015,81.689
18/06/2015,82.671
17/06/2015,80.812
16/06/2015,82.019
15/06/2015,81.370
12/06/2015,81.484
11/06/2015,82.340
10/06/2015,82.530
09/06/2015,80.980
08/06/2015,80.743
05/06/2015,81.026
03/06/2015,81.996
02/06/2015,83.203
01/06/2015,81.255
29/05/2015,80.827
28/05/2015,82.523
27/05/2015,83.034
26/05/2015,82.141
25/05/2015,83.821
22/05/2015,83.409
21/05/2015,85.089
20/05/2015,84.310
19/05/2015,85.455
18/05/2015,86.204
15/05/2015,88.189
14/05/2015,87.395
13/05/2015,87.235
12/05/2015,87.365
11/05/2015,87.975
08/05/2015,88.235
07/05/2015,88.090
06/05/2015,88.800
05/05/2015,89.938
04/05/2015,88.968
30/04/2015,86.929
29/04/2015,85.852
28/04/2015,86.509
27/04/2015,86.036
24/04/2015,87.670
23/04/2015,86.211
22/04/2015,84.531
20/04/2015,83.126
17/04/2015,83.890
16/04/2015,85.074
15/04/2015,85.379
14/04/2015,84.004
13/04/2015,84.191
10/04/2015,84.299
09/04/2015,83.593
08/04/2015,83.329
07/04/2015,83.624
06/04/2015,83.485
02/04/2015,82.631
01/04/2015,81.646
31/03/2015,79.365
30/03/2015,79.870
27/03/2015,78.093
26/03/2015,78.520
25/03/2015,80.731
24/03/2015,80.739
23/03/2015,81.057
20/03/2015,80.832
19/03/2015,79.606
18/03/2015,80.754
17/03/2015,78.753
16/03/2015,76.115
13/03/2015,76.185
12/03/2015,76.309
11/03/2015,76.736
10/03/2015,75.502
09/03/2015,76.767
06/03/2015,78.481
05/03/2015,78.916
04/03/2015,79.668
03/03/2015,80.661
02/03/2015,80.242
27/02/2015,81.126
26/02/2015,81.685
25/02/2015,81.452
24/02/2015,81.669
23/02/2015,80.599
20/02/2015,80.754
19/02/2015,80.901
18/02/2015,80.676
13/02/2015,80.335
12/02/2015,78.049
11/02/2015,76.748
10/02/2015,76.866
09/02/2015,78.364
06/02/2015,77.008
05/02/2015,78.207
04/02/2015,78.088
03/02/2015,77.481
02/02/2015,75.684
30/01/2015,74.501
29/01/2015,75.526
28/01/2015,75.526
27/01/2015,77.103
26/01/2015,76.630
23/01/2015,76.921
22/01/2015,78.719
21/01/2015,78.364
20/01/2015,76.480
19/01/2015,75.983
16/01/2015,77.686
15/01/2015,76.709
14/01/2015,76.622
13/01/2015,76.472
12/01/2015,76.393
09/01/2015,77.883
08/01/2015,79.626
07/01/2015,78.908
06/01/2015,76.945
05/01/2015,75.715
02/01/2015,77.560
30/12/2014,79.358
29/12/2014,81.116
26/12/2014,79.972
23/12/2014,80.950
22/12/2014,80.099
19/12/2014,79.752
18/12/2014,77.505
17/12/2014,77.292
16/12/2014,75.408
15/12/2014,75.817
12/12/2014,77.469
11/12/2014,79.258
10/12/2014,79.563
09/12/2014,80.710
08/12/2014,80.943
05/12/2014,83.414
04/12/2014,82.652
03/12/2014,83.647
02/12/2014,83.093
01/12/2014,83.767
28/11/2014,87.794
27/11/2014,88.532
26/11/2014,89.310
25/11/2014,89.607
24/11/2014,89.527
21/11/2014,91.516
19/11/2014,86.318
18/11/2014,84.393
17/11/2014,82.868
14/11/2014,83.879
13/11/2014,83.911
12/11/2014,85.516
11/11/2014,85.115
10/11/2014,85.034
07/11/2014,86.422
06/11/2014,85.002
05/11/2014,86.968
04/11/2014,87.377
03/11/2014,87.393
31/10/2014,88.708
30/10/2014,84.858
29/10/2014,83.189
28/10/2014,84.312
27/10/2014,82.178
24/10/2014,83.430
23/10/2014,81.986
22/10/2014,84.794
21/10/2014,85.395
20/10/2014,89.045
17/10/2014,91.131
16/10/2014,87.682
15/10/2014,91.179
14/10/2014,94.484
13/10/2014,94.289
10/10/2014,89.768
09/10/2014,92.994
08/10/2014,94.395
07/10/2014,93.605
06/10/2014,93.841
03/10/2014,89.247
02/10/2014,86.453
01/10/2014,85.630
30/09/2014,87.821
29/09/2014,89.116
26/09/2014,94.199
25/09/2014,92.293
24/09/2014,93.165
23/09/2014,92.049
22/09/2014,92.586
19/09/2014,94.655
18/09/2014,96.122
17/09/2014,96.936
16/09/2014,96.847
15/09/2014,95.226
12/09/2014,93.100
11/09/2014,95.568
10/09/2014,96.285
09/09/2014,96.602
08/09/2014,96.627
05/09/2014,100.195
04/09/2014,100.276
03/09/2014,102.019
02/09/2014,102.231
01/09/2014,100.374
29/08/2014,101.514
28/08/2014,99.869
27/08/2014,100.683
26/08/2014,99.258
25/08/2014,98.720
22/08/2014,96.448
21/08/2014,97.751
20/08/2014,97.262
19/08/2014,97.116
18/08/2014,95.307
15/08/2014,94.484
14/08/2014,92.700
13/08/2014,91.992
12/08/2014,93.678
11/08/2014,94.258
08/08/2014,91.814
07/08/2014,93.703
06/08/2014,93.603
05/08/2014,93.181
04/08/2014,94.258
01/08/2014,92.916
31/07/2014,92.684
30/07/2014,94.415
29/07/2014,95.086
28/07/2014,95.914
25/07/2014,96.444
24/07/2014,96.486
23/07/2014,95.749
22/07/2014,96.759
21/07/2014,96.295
18/07/2014,95.310
17/07/2014,92.601
16/07/2014,93.148
15/07/2014,93.429
14/07/2014,93.164
11/07/2014,91.541
10/07/2014,91.127
08/07/2014,89.603
07/07/2014,89.884
04/07/2014,90.448
03/07/2014,90.199
02/07/2014,88.634
01/07/2014,89.015
30/06/2014,88.791
27/06/2014,89.205
26/06/2014,89.479
25/06/2014,89.437
24/06/2014,91.317
23/06/2014,90.928
20/06/2014,91.939
18/06/2014,92.850
17/06/2014,91.243
16/06/2014,92.194
13/06/2014,92.429
11/06/2014,92.883
10/06/2014,93.228
09/06/2014,91.773
06/06/2014,89.939
05/06/2014,86.868
04/06/2014,87.667
03/06/2014,87.970
02/06/2014,87.137
30/05/2014,86.557
29/05/2014,88.256
28/05/2014,89.089
27/05/2014,88.408
26/05/2014,89.829
23/05/2014,89.249
22/05/2014,89.602
21/05/2014,88.256
20/05/2014,88.752
19/05/2014,90.603
16/05/2014,91.436
15/05/2014,91.554
14/05/2014,92.337
13/05/2014,91.781
12/05/2014,91.790
09/05/2014,90.107
08/05/2014,90.788
07/05/2014,91.857
06/05/2014,91.436
05/05/2014,90.948
02/05/2014,90.696
30/04/2014,87.877
29/04/2014,88.307
28/04/2014,87.482
25/04/2014,87.465
24/04/2014,88.391
23/04/2014,88.298
22/04/2014,88.424
17/04/2014,89.013
16/04/2014,87.331
15/04/2014,86.186
14/04/2014,88.241
11/04/2014,88.318
10/04/2014,87.346
09/04/2014,87.891
08/04/2014,87.985
07/04/2014,89.204
04/04/2014,87.687
03/04/2014,88.198
02/04/2014,88.232
01/04/2014,86.374
31/03/2014,86.084
28/03/2014,85.232
27/03/2014,85.530
26/03/2014,82.350
25/03/2014,82.862
24/03/2014,82.691
21/03/2014,81.540
20/03/2014,80.560
19/03/2014,79.733
18/03/2014,79.281
17/03/2014,77.201
14/03/2014,77.227
13/03/2014,78.079
12/03/2014,78.804
11/03/2014,78.591
10/03/2014,78.258
07/03/2014,79.366
06/03/2014,80.918
05/03/2014,79.810
28/02/2014,81.157
27/02/2014,82.009
26/02/2014,80.372
25/02/2014,80.321
24/02/2014,81.123
21/02/2014,81.583
20/02/2014,81.378
19/02/2014,80.901
18/02/2014,80.057
17/02/2014,81.753
14/02/2014,83.134
13/02/2014,83.032
12/02/2014,82.614
11/02/2014,83.714
10/02/2014,82.677
07/02/2014,83.472
06/02/2014,82.695
05/02/2014,80.734
04/02/2014,81.122
03/02/2014,79.541
31/01/2014,82.505
30/01/2014,81.986
29/01/2014,82.168
28/01/2014,83.248
27/01/2014,83.446
24/01/2014,82.790
23/01/2014,84.077
22/01/2014,85.649
21/01/2014,84.276
20/01/2014,84.492
17/01/2014,85.287
16/01/2014,86.202
15/01/2014,86.824
14/01/2014,86.220
13/01/2014,85.615
10/01/2014,86.306
09/01/2014,85.701
08/01/2014,87.446
07/01/2014,87.446
06/01/2014,88.379
03/01/2014,89.053
02/01/2014,87.118
30/12/2013,89.667
27/12/2013,89.364
26/12/2013,89.157
23/12/2013,89.295
20/12/2013,89.010
19/12/2013,90.064
18/12/2013,89.122
17/12/2013,87.291
16/12/2013,87.300
13/12/2013,86.839
12/12/2013,87.369
11/12/2013,86.978
10/12/2013,88.890
09/12/2013,88.995
06/12/2013,88.925
05/12/2013,88.143
04/12/2013,87.708
03/12/2013,87.621
02/12/2013,88.855
29/11/2013,91.185
28/11/2013,90.403
27/11/2013,89.968
26/11/2013,89.707
25/11/2013,91.176
22/11/2013,91.794
21/11/2013,91.481
19/11/2013,92.228
18/11/2013,94.506
14/11/2013,93.454
13/11/2013,91.272
12/11/2013,90.038
11/11/2013,91.794
08/11/2013,90.924
07/11/2013,91.880
06/11/2013,92.976
05/11/2013,93.819
04/11/2013,95.175
01/11/2013,94.132
31/10/2013,94.662
30/10/2013,94.401
29/10/2013,94.001
28/10/2013,95.271
25/10/2013,92.924
24/10/2013,93.636
23/10/2013,94.958
22/10/2013,97.183
21/10/2013,95.705
18/10/2013,94.401
17/10/2013,95.062
16/10/2013,94.679
15/10/2013,94.158
14/10/2013,93.171
11/10/2013,90.983
10/10/2013,90.648
09/10/2013,90.082
08/10/2013,88.915
07/10/2013,89.052
04/10/2013,90.271
03/10/2013,89.190
02/10/2013,90.700
01/10/2013,90.666
30/09/2013,89.095
27/09/2013,91.446
26/09/2013,92.159
25/09/2013,92.931
24/09/2013,93.154
23/09/2013,93.154
20/09/2013,92.030
19/09/2013,93.961
18/09/2013,94.750
17/09/2013,92.038
16/09/2013,90.768
13/09/2013,91.206
12/09/2013,90.168
11/09/2013,90.683
10/09/2013,91.318
09/09/2013,91.386
06/09/2013,90.271
05/09/2013,88.555
04/09/2013,87.757
03/09/2013,87.431
02/09/2013,86.881
30/08/2013,86.066
29/08/2013,84.753
28/08/2013,84.865
27/08/2013,84.951
26/08/2013,87.319
23/08/2013,88.846
22/08/2013,87.439
21/08/2013,85.345
20/08/2013,86.409
19/08/2013,87.697
16/08/2013,87.774
15/08/2013,86.495
14/08/2013,85.723
13/08/2013,85.903
12/08/2013,85.708
09/08/2013,84.759
08/08/2013,83.099
07/08/2013,80.253
06/08/2013,79.880
05/08/2013,81.964
02/08/2013,81.930
01/08/2013,83.277
31/07/2013,81.557
30/07/2013,82.226
29/07/2013,83.319
26/07/2013,83.675
25/07/2013,83.226
24/07/2013,82.040
23/07/2013,82.828
22/07/2013,82.523
19/07/2013,80.481
18/07/2013,80.464
17/07/2013,80.312
16/07/2013,79.397
15/07/2013,78.999
12/07/2013,76.533
11/07/2013,79.126
10/07/2013,77.398
08/07/2013,75.907
05/07/2013,76.491
04/07/2013,77.296
03/07/2013,75.881
02/07/2013,75.398
01/07/2013,80.058
28/06/2013,79.753
27/06/2013,80.820
26/06/2013,79.973
25/06/2013,79.380
24/06/2013,78.092
21/06/2013,79.973
20/06/2013,81.904
19/06/2013,81.176
18/06/2013,83.709
17/06/2013,83.412
14/06/2013,83.641
13/06/2013,85.962
12/06/2013,83.768
11/06/2013,84.522
10/06/2013,87.419
07/06/2013,87.947
06/06/2013,90.061
05/06/2013,90.146
04/06/2013,92.191
03/06/2013,91.705
31/05/2013,91.083
29/05/2013,92.855
28/05/2013,95.343
27/05/2013,96.204
24/05/2013,96.323
23/05/2013,96.263
22/05/2013,96.493
21/05/2013,95.854
20/05/2013,94.840
17/05/2013,93.980
16/05/2013,93.298
15/05/2013,93.162
14/05/2013,93.102
13/05/2013,92.736
10/05/2013,93.614
09/05/2013,94.406
08/05/2013,94.951
07/05/2013,96.025
06/05/2013,94.235
03/05/2013,94.696
02/05/2013,94.423
30/04/2013,95.514
29/04/2013,93.707
26/04/2013,92.233
25/04/2013,93.946
24/04/2013,93.656
23/04/2013,94.022
22/04/2013,92.906
19/04/2013,91.986
18/04/2013,90.930
17/04/2013,90.725
16/04/2013,92.157
15/04/2013,90.601
12/04/2013,93.593
11/04/2013,94.499
10/04/2013,96.123
09/04/2013,95.388
08/04/2013,94.063
05/04/2013,94.345
04/04/2013,93.524
03/04/2013,95.080
02/04/2013,93.875
01/04/2013,95.576
28/03/2013,96.089
27/03/2013,95.995
26/03/2013,95.439
25/03/2013,93.610
22/03/2013,94.696
21/03/2013,95.405
20/03/2013,96.003
19/03/2013,96.457
18/03/2013,97.602
15/03/2013,97.371
14/03/2013,98.098
13/03/2013,98.363
12/03/2013,99.893
11/03/2013,100.680
08/03/2013,100.526
07/03/2013,101.047
06/03/2013,99.338
05/03/2013,96.003
04/03/2013,96.773
01/03/2013,97.884
28/02/2013,98.141
27/02/2013,98.312
26/02/2013,98.149
25/02/2013,96.773
22/02/2013,97.286
21/02/2013,96.363
20/02/2013,96.337
19/02/2013,98.543
18/02/2013,99.132
15/02/2013,99.679
14/02/2013,100.192
13/02/2013,100.876
08/02/2013,100.774
07/02/2013,100.464
06/02/2013,101.601
05/02/2013,102.187
04/02/2013,102.687
01/02/2013,104.039
31/01/2013,103.290
30/01/2013,102.187
29/01/2013,104.168
28/01/2013,103.290
24/01/2013,105.383
23/01/2013,107.219
22/01/2013,106.564
21/01/2013,106.926
18/01/2013,106.977
17/01/2013,107.710
16/01/2013,106.667
15/01/2013,106.805
14/01/2013,107.081
11/01/2013,106.659
10/01/2013,107.003
09/01/2013,106.323
08/01/2013,105.633
07/01/2013,107.167
04/01/2013,108.218
03/01/2013,109.769
02/01/2013,108.666
28/12/2012,105.495
27/12/2012,105.108
26/12/2012,105.806
21/12/2012,105.806
20/12/2012,106.581
19/12/2012,105.986
18/12/2012,105.245
17/12/2012,103.479
14/12/2012,103.600
13/12/2012,103.083
12/12/2012,103.186
11/12/2012,103.272
10/12/2012,102.786
07/12/2012,101.778
06/12/2012,100.406
05/12/2012,100.059
04/12/2012,99.920
03/12/2012,101.275
30/11/2012,100.128
29/11/2012,100.580
28/11/2012,97.983
27/11/2012,97.279
26/11/2012,98.582
23/11/2012,99.807
22/11/2012,98.547
21/11/2012,97.870
19/11/2012,98.200
16/11/2012,96.107
14/11/2012,97.349
13/11/2012,100.120
12/11/2012,99.225
09/11/2012,99.963
08/11/2012,100.050
07/11/2012,102.143
06/11/2012,103.846
05/11/2012,101.709
01/11/2012,102.195
31/10/2012,99.538
30/10/2012,101.084
29/10/2012,100.198
26/10/2012,100.059
25/10/2012,100.927
24/10/2012,99.381
23/10/2012,100.754
22/10/2012,103.411
19/10/2012,102.873
18/10/2012,104.818
17/10/2012,105.496
16/10/2012,104.792
15/10/2012,104.617
11/10/2012,104.004
10/10/2012,102.453
09/10/2012,103.653
08/10/2012,104.091
05/10/2012,103.040
04/10/2012,102.374
03/10/2012,102.838
02/10/2012,104.144
01/10/2012,104.591
28/09/2012,103.995
27/09/2012,106.019
26/09/2012,106.510
25/09/2012,106.291
24/09/2012,108.929
21/09/2012,108.210
20/09/2012,108.753
19/09/2012,108.622
18/09/2012,108.981
17/09/2012,109.174
14/09/2012,109.507
13/09/2012,109.507
12/09/2012,106.028
11/09/2012,104.898
10/09/2012,102.847
06/09/2012,102.970
05/09/2012,100.218
04/09/2012,99.201
03/09/2012,100.849
31/08/2012,100.884
30/08/2012,100.989
29/08/2012,101.191
28/08/2012,103.425
27/08/2012,102.935
24/08/2012,103.092
23/08/2012,103.811
22/08/2012,105.318
21/08/2012,104.635
20/08/2012,105.090
17/08/2012,104.933
16/08/2012,105.318
15/08/2012,102.724
14/08/2012,102.917
13/08/2012,104.769
10/08/2012,105.035
09/08/2012,104.229
08/08/2012,104.317
07/08/2012,102.412
06/08/2012,103.520
03/08/2012,102.048
02/08/2012,98.397
01/08/2012,100.506
31/07/2012,99.354
30/07/2012,102.261
27/07/2012,101.286
26/07/2012,96.252
25/07/2012,93.762
24/07/2012,93.770
23/07/2012,94.568
20/07/2012,96.013
19/07/2012,98.822
18/07/2012,97.032
17/07/2012,96.039
16/07/2012,95.401
13/07/2012,96.970
12/07/2012,95.011
11/07/2012,95.224
10/07/2012,95.384
06/07/2012,99.035
05/07/2012,100.852
04/07/2012,99.992
03/07/2012,100.028
02/07/2012,97.528
29/06/2012,96.961
28/06/2012,94.090
27/06/2012,94.976
26/06/2012,96.146
25/06/2012,96.039
22/06/2012,98.911
21/06/2012,99.088
20/06/2012,102.270
19/06/2012,102.368
18/06/2012,100.781
15/06/2012,100.329
14/06/2012,99.283
13/06/2012,99.265
12/06/2012,98.459
11/06/2012,96.937
08/06/2012,97.501
06/06/2012,96.865
05/06/2012,93.929
04/06/2012,95.460
01/06/2012,95.531
31/05/2012,97.322
30/05/2012,96.695
29/05/2012,97.967
28/05/2012,99.292
25/05/2012,97.949
24/05/2012,97.385
23/05/2012,98.307
22/05/2012,99.130
21/05/2012,101.512
18/05/2012,97.859
17/05/2012,97.411
16/05/2012,100.393
15/05/2012,101.476
14/05/2012,103.106
11/05/2012,107.260
10/05/2012,107.708
09/05/2012,107.547
08/05/2012,108.648
07/05/2012,110.277
04/05/2012,109.418
03/05/2012,112.104
02/05/2012,112.721
30/04/2012,111.199
27/04/2012,111.549
26/04/2012,112.220
25/04/2012,111.925
24/04/2012,112.256
23/04/2012,111.298
20/04/2012,113.259
19/04/2012,113.438
18/04/2012,113.975
17/04/2012,113.438
16/04/2012,112.350
13/04/2012,112.758
12/04/2012,114.272
11/04/2012,111.098
10/04/2012,112.032
09/04/2012,113.864
05/04/2012,115.578
04/04/2012,115.378
03/04/2012,117.246
02/04/2012,118.606
30/03/2012,117.400
29/03/2012,117.790
28/03/2012,118.597
27/03/2012,119.885
26/03/2012,121.698
23/03/2012,119.957
22/03/2012,120.148
21/03/2012,121.844
20/03/2012,122.723
19/03/2012,123.766
16/03/2012,123.394
15/03/2012,123.739
14/03/2012,124.392
13/03/2012,125.317
12/03/2012,121.236
09/03/2012,121.961
08/03/2012,122.415
07/03/2012,121.218
06/03/2012,118.906
05/03/2012,122.723
02/03/2012,124.319
01/03/2012,122.678
29/02/2012,120.565
28/02/2012,121.100
27/02/2012,119.930
24/02/2012,121.127
23/02/2012,120.910
22/02/2012,121.245
17/02/2012,121.735
16/02/2012,121.327
15/02/2012,120.130
14/02/2012,119.459
13/02/2012,120.945
10/02/2012,117.899
09/02/2012,120.386
08/02/2012,121.037
07/02/2012,121.542
06/02/2012,119.734
03/02/2012,119.807
02/02/2012,118.890
01/02/2012,118.927
31/01/2012,116.330
30/01/2012,115.660
27/01/2012,116.357
26/01/2012,116.008
24/01/2012,115.302
23/01/2012,115.238
20/01/2012,114.907
19/01/2012,114.247
18/01/2012,114.338
17/01/2012,111.595
16/01/2012,110.787
13/01/2012,109.154
12/01/2012,110.815
11/01/2012,111.127
10/01/2012,110.631
09/01/2012,109.456
06/01/2012,108.548
05/01/2012,108.429
04/01/2012,109.768
03/01/2012,109.842
02/01/2012,107.401
29/12/2011,104.978
28/12/2011,104.593
27/12/2011,107.465
26/12/2011,107.282
23/12/2011,107.328
22/12/2011,106.814
21/12/2011,105.529
20/12/2011,105.896
19/12/2011,102.253
16/12/2011,104.208
15/12/2011,105.015
14/12/2011,105.079
13/12/2011,106.447
12/12/2011,107.107
09/12/2011,108.698
08/12/2011,107.005
07/12/2011,109.573
06/12/2011,111.090
05/12/2011,109.685
02/12/2011,107.712
01/12/2011,108.866
30/11/2011,106.354
29/11/2011,103.348
28/11/2011,104.679
25/11/2011,102.539
24/11/2011,103.274
23/11/2011,102.818
22/11/2011,104.660
21/11/2011,105.442
18/11/2011,106.251
17/11/2011,106.586
16/11/2011,109.154
14/11/2011,109.117
11/11/2011,109.694
10/11/2011,107.563
09/11/2011,107.805
08/11/2011,111.062
07/11/2011,110.950
04/11/2011,110.336
03/11/2011,109.098
01/11/2011,108.261
31/10/2011,109.238
28/10/2011,112.309
27/10/2011,111.564
26/10/2011,107.284
25/10/2011,105.888
24/10/2011,106.828
21/10/2011,103.972
20/10/2011,101.357
19/10/2011,103.302
18/10/2011,103.832
17/10/2011,101.785
14/10/2011,103.655
13/10/2011,102.269
11/10/2011,101.152
10/10/2011,100.832
07/10/2011,96.806
06/10/2011,98.324
05/10/2011,95.816
04/10/2011,95.958
03/10/2011,95.421
30/09/2011,98.513
29/09/2011,101.246
28/09/2011,100.191
27/09/2011,101.982
26/09/2011,101.397
23/09/2011,100.860
22/09/2011,100.813
21/09/2011,105.922
20/09/2011,106.441
19/09/2011,108.232
16/09/2011,108.581
15/09/2011,106.997
14/09/2011,106.563
13/09/2011,105.149
12/09/2011,106.243
09/09/2011,106.337
08/09/2011,109.523
06/09/2011,107.647
05/09/2011,104.452
02/09/2011,107.355
01/09/2011,110.673
31/08/2011,107.581
30/08/2011,105.300
29/08/2011,104.621
26/08/2011,101.755
25/08/2011,100.964
24/08/2011,102.142
23/08/2011,102.924
22/08/2011,99.851
19/08/2011,99.936
18/08/2011,101.624
17/08/2011,105.112
16/08/2011,103.905
15/08/2011,104.488
12/08/2011,102.853
11/08/2011,101.973
10/08/2011,98.493
09/08/2011,97.957
08/08/2011,92.927
05/08/2011,101.524
04/08/2011,100.778
03/08/2011,107.127
02/08/2011,109.528
01/08/2011,112.645
29/07/2011,113.085
28/07/2011,112.836
27/07/2011,111.918
26/07/2011,114.060
25/07/2011,115.255
22/07/2011,115.896
21/07/2011,116.087
20/07/2011,113.945
19/07/2011,113.773
18/07/2011,113.419
15/07/2011,114.882
14/07/2011,115.418
13/07/2011,117.311
12/07/2011,115.227
11/07/2011,116.259
08/07/2011,118.946
07/07/2011,120.218
06/07/2011,121.155
05/07/2011,121.940
04/07/2011,123.718
01/07/2011,123.039
30/06/2011,120.582
29/06/2011,120.993
28/06/2011,120.945
27/06/2011,118.899
24/06/2011,118.287
22/06/2011,119.033
21/06/2011,119.272
20/06/2011,118.765
17/06/2011,118.468
16/06/2011,118.363
15/06/2011,119.625
14/06/2011,121.060
13/06/2011,120.584
10/06/2011,121.944
09/06/2011,123.304
08/06/2011,122.760
07/06/2011,123.207
06/06/2011,122.624
03/06/2011,124.781
02/06/2011,125.287
01/06/2011,123.790
31/05/2011,126.142
30/05/2011,124.655
27/05/2011,125.675
26/05/2011,125.549
25/05/2011,123.654
24/05/2011,123.887
23/05/2011,122.265
20/05/2011,122.197
19/05/2011,121.526
18/05/2011,123.343
17/05/2011,124.742
16/05/2011,122.624
13/05/2011,123.693
12/05/2011,125.763
11/05/2011,124.412
10/05/2011,126.977
09/05/2011,126.802
06/05/2011,126.647
05/05/2011,124.956
04/05/2011,124.917
03/05/2011,126.083
02/05/2011,128.687
29/04/2011,130.145
28/04/2011,129.601
27/04/2011,130.203
26/04/2011,131.972
25/04/2011,131.855
20/04/2011,132.438
19/04/2011,130.650
18/04/2011,129.620
15/04/2011,132.185
14/04/2011,130.883
13/04/2011,131.505
12/04/2011,132.224
11/04/2011,135.093
08/04/2011,136.012
07/04/2011,136.853
06/04/2011,136.774
05/04/2011,138.782
04/04/2011,138.376
01/04/2011,137.714
31/03/2011,135.864
30/03/2011,134.994
29/03/2011,134.024
28/03/2011,133.510
25/03/2011,134.954
24/03/2011,134.677
23/03/2011,135.053
22/03/2011,134.311
21/03/2011,132.739
18/03/2011,133.728
17/03/2011,131.482
16/03/2011,131.532
15/03/2011,133.728
14/03/2011,134.282
11/03/2011,133.035
10/03/2011,131.749
09/03/2011,134.153
04/03/2011,136.121
03/03/2011,136.062
02/03/2011,134.361
01/03/2011,132.076
28/02/2011,134.915
25/02/2011,134.104
24/02/2011,133.668
23/02/2011,133.925
22/02/2011,133.223
21/02/2011,134.885
18/02/2011,136.438
17/02/2011,135.736
16/02/2011,135.706
15/02/2011,132.956
14/02/2011,133.197
11/02/2011,131.594
10/02/2011,129.511
09/02/2011,128.760
08/02/2011,131.955
07/02/2011,130.993
04/02/2011,130.533
03/02/2011,133.867
02/02/2011,133.777
01/02/2011,136.431
31/01/2011,133.347
28/01/2011,133.918
27/01/2011,136.782
26/01/2011,138.234
24/01/2011,139.906
21/01/2011,139.105
20/01/2011,139.966
19/01/2011,140.978
18/01/2011,143.221
17/01/2011,142.190
14/01/2011,143.241
13/01/2011,142.630
12/01/2011,144.724
11/01/2011,142.540
10/01/2011,141.649
07/01/2011,141.248
06/01/2011,142.670
05/01/2011,143.622
04/01/2011,142.610
03/01/2011,141.479
30/12/2010,140.007
29/12/2010,140.087
28/12/2010,138.324
27/12/2010,137.603
23/12/2010,138.905
22/12/2010,138.815
21/12/2010,138.805
20/12/2010,136.922
17/12/2010,138.214
16/12/2010,136.642
15/12/2010,137.833
14/12/2010,139.806
13/12/2010,140.866
10/12/2010,139.236
09/12/2010,138.390
08/12/2010,138.787
07/12/2010,140.764
06/12/2010,141.783
03/12/2010,142.598
02/12/2010,141.997
01/12/2010,141.865
30/11/2010,138.889
29/11/2010,139.215
26/11/2010,139.684
25/11/2010,142.150
24/11/2010,142.884
23/11/2010,139.011
22/11/2010,142.659
19/11/2010,145.309
18/11/2010,145.125
17/11/2010,142.965
16/11/2010,141.844
12/11/2010,144.636
11/11/2010,146.521
10/11/2010,147.245
09/11/2010,147.143
08/11/2010,149.813
05/11/2010,149.691
04/11/2010,150.343
03/11/2010,148.590
01/11/2010,147.245
29/10/2010,145.818
28/10/2010,145.105
27/10/2010,145.411
26/10/2010,146.155
25/10/2010,143.882
22/10/2010,143.454
21/10/2010,144.799
20/10/2010,145.696
19/10/2010,144.066
18/10/2010,148.081
15/10/2010,149.079
14/10/2010,148.651
13/10/2010,148.875
11/10/2010,147.000
08/10/2010,146.876
07/10/2010,145.217
06/10/2010,146.503
05/10/2010,148.193
04/10/2010,146.202
01/10/2010,146.389
30/09/2010,144.388
29/09/2010,144.512
28/09/2010,144.543
27/09/2010,143.403
24/09/2010,142.749
23/09/2010,143.465
22/09/2010,143.060
21/09/2010,141.339
20/09/2010,142.480
17/09/2010,139.888
16/09/2010,141.391
15/09/2010,142.210
14/09/2010,141.464
13/09/2010,142.169
10/09/2010,139.846
09/09/2010,138.986
08/09/2010,138.892
06/09/2010,139.359
03/09/2010,138.955
02/09/2010,139.639
01/09/2010,140.634
31/08/2010,136.311
30/08/2010,134.579
27/08/2010,137.368
26/08/2010,133.356
25/08/2010,135.803
24/08/2010,136.954
23/08/2010,138.436
20/08/2010,140.365
19/08/2010,140.510
18/08/2010,142.190
17/08/2010,142.666
16/08/2010,141.084
13/08/2010,139.481
12/08/2010,139.206
11/08/2010,138.763
10/08/2010,142.297
09/08/2010,143.162
06/08/2010,144.249
05/08/2010,145.156
04/08/2010,144.681
03/08/2010,144.101
02/08/2010,145.177
30/07/2010,143.067
29/07/2010,141.991
28/07/2010,141.432
27/07/2010,141.738
26/07/2010,140.979
23/07/2010,141.042
22/07/2010,139.860
21/07/2010,136.759
20/07/2010,136.917
19/07/2010,134.417
16/07/2010,132.497
15/07/2010,135.134
14/07/2010,134.881
13/07/2010,135.240
12/07/2010,134.111
08/07/2010,135.240
07/07/2010,134.913
06/07/2010,132.286
05/07/2010,129.765
02/07/2010,130.714
01/07/2010,130.598
30/06/2010,129.607
29/06/2010,132.191
28/06/2010,137.265
25/06/2010,138.911
24/06/2010,136.822
23/06/2010,139.460
22/06/2010,138.594
21/06/2010,139.016
18/06/2010,137.497
17/06/2010,138.236
16/06/2010,138.805
15/06/2010,138.151
14/06/2010,135.913
11/06/2010,136.417
10/06/2010,135.153
09/06/2010,131.833
08/06/2010,132.636
07/06/2010,131.190
04/06/2010,132.154
02/06/2010,135.795
01/06/2010,132.797
31/05/2010,134.832
28/05/2010,132.797
27/05/2010,133.429
26/05/2010,127.935
25/05/2010,127.335
24/05/2010,128.609
21/05/2010,129.509
20/05/2010,125.000
19/05/2010,128.309
18/05/2010,130.998
17/05/2010,135.410
14/05/2010,136.395
13/05/2010,139.576
12/05/2010,140.615
11/05/2010,138.687
10/05/2010,141.471
07/05/2010,135.153
06/05/2010,136.866
05/05/2010,140.561
04/05/2010,140.079
03/05/2010,145.359
30/04/2010,146.076
29/04/2010,146.933
28/04/2010,143.935
27/04/2010,143.463
26/04/2010,148.754
23/04/2010,150.253
22/04/2010,150.146
20/04/2010,150.103
19/04/2010,149.525
16/04/2010,150.424
15/04/2010,152.823
14/04/2010,154.515
13/04/2010,153.680
12/04/2010,153.170
09/04/2010,155.069
08/04/2010,156.077
07/04/2010,153.984
06/04/2010,154.494
05/04/2010,155.036
01/04/2010,154.472
31/03/2010,153.214
30/03/2010,152.226
29/03/2010,152.476
26/03/2010,149.590
25/03/2010,148.831
24/03/2010,150.089
23/03/2010,151.326
22/03/2010,150.762
19/03/2010,150.024
18/03/2010,152.194
17/03/2010,152.346
16/03/2010,152.866
15/03/2010,150.675
12/03/2010,151.294
11/03/2010,152.953
10/03/2010,153.279
09/03/2010,152.129
08/03/2010,149.515
05/03/2010,150.502
04/03/2010,148.397
03/03/2010,147.963
02/03/2010,148.300
01/03/2010,147.421
26/02/2010,145.360
25/02/2010,144.318
24/02/2010,144.026
23/02/2010,145.143
22/02/2010,147.204
19/02/2010,148.169
18/02/2010,148.517
17/02/2010,147.291
12/02/2010,144.492
11/02/2010,144.821
10/02/2010,142.585
09/02/2010,141.401
08/02/2010,138.212
05/02/2010,137.653
04/02/2010,139.955
03/02/2010,147.309
02/02/2010,147.473
01/02/2010,146.048
29/01/2010,143.045
28/01/2010,144.229
27/01/2010,142.366
26/01/2010,143.703
22/01/2010,144.996
21/01/2010,145.698
20/01/2010,150.060
19/01/2010,154.191
18/01/2010,153.084
15/01/2010,152.339
14/01/2010,154.400
13/01/2010,155.496
12/01/2010,155.013
11/01/2010,155.759
08/01/2010,155.835
07/01/2010,155.780
06/01/2010,156.679
05/01/2010,155.737
04/01/2010,155.375
30/12/2009,151.572
29/12/2009,151.506
28/12/2009,150.772
23/12/2009,149.818
22/12/2009,149.369
21/12/2009,146.859
18/12/2009,148.295
17/12/2009,148.613
16/12/2009,152.339
15/12/2009,154.082
14/12/2009,154.271
11/12/2009,154.148
10/12/2009,153.303
09/12/2009,151.813
08/12/2009,150.812
07/12/2009,152.992
04/12/2009,150.790
03/12/2009,152.814
02/12/2009,152.858
01/12/2009,152.925
30/11/2009,150.434
27/11/2009,150.145
26/11/2009,148.254
25/11/2009,151.768
24/11/2009,149.978
23/11/2009,149.744
19/11/2009,149.032
18/11/2009,149.233
17/11/2009,150.701
16/11/2009,148.721
13/11/2009,146.163
12/11/2009,144.450
11/11/2009,148.588
10/11/2009,148.588
09/11/2009,148.276
06/11/2009,144.561
05/11/2009,145.629
04/11/2009,143.427
03/11/2009,140.380
30/10/2009,137.577
29/10/2009,143.138
28/10/2009,134.908
27/10/2009,142.359
26/10/2009,147.030
23/10/2009,146.119
22/10/2009,148.921
21/10/2009,148.365
20/10/2009,147.208
19/10/2009,151.034
16/10/2009,148.877
15/10/2009,149.922
14/10/2009,149.366
13/10/2009,145.473
09/10/2009,144.887
08/10/2009,144.075
07/10/2009,141.392
06/10/2009,141.820
05/10/2009,140.986
02/10/2009,138.190
01/10/2009,136.961
30/09/2009,138.956
29/09/2009,138.325
28/09/2009,138.517
25/09/2009,136.769
24/09/2009,135.844
23/09/2009,136.972
22/09/2009,138.911
21/09/2009,138.347
18/09/2009,136.994
17/09/2009,136.735
16/09/2009,137.040
15/09/2009,134.469
14/09/2009,133.691
11/09/2009,132.326
10/09/2009,132.777
09/09/2009,131.560
08/09/2009,131.447
04/09/2009,128.651
03/09/2009,126.734
02/09/2009,125.155
01/09/2009,126.959
31/08/2009,128.132
28/08/2009,131.244
27/08/2009,131.436
26/08/2009,131.695
25/08/2009,131.041
24/08/2009,131.808
21/08/2009,131.312
20/08/2009,129.440
19/08/2009,128.493
18/08/2009,126.971
17/08/2009,125.494
14/08/2009,129.215
13/08/2009,130.455
12/08/2009,129.440
11/08/2009,127.410
10/08/2009,130.270
07/08/2009,129.057
06/08/2009,127.525
05/08/2009,128.760
04/08/2009,128.897
03/08/2009,128.554
31/07/2009,125.146
30/07/2009,124.654
29/07/2009,123.407
28/07/2009,124.826
27/07/2009,125.237
24/07/2009,125.295
23/07/2009,124.322
22/07/2009,122.104
21/07/2009,122.710
20/07/2009,122.355
17/07/2009,119.748
16/07/2009,119.519
15/07/2009,118.306
14/07/2009,112.656
13/07/2009,113.686
10/07/2009,112.771
08/07/2009,112.817
07/07/2009,114.029
06/07/2009,117.003
03/07/2009,117.460
02/07/2009,117.872
01/07/2009,118.741
30/06/2009,119.084
29/06/2009,119.999
26/06/2009,119.393
25/06/2009,119.496
24/06/2009,115.150
23/06/2009,115.390
22/06/2009,115.058
19/06/2009,118.444
18/06/2009,118.032
17/06/2009,118.261
16/06/2009,118.078
15/06/2009,120.570
12/06/2009,124.512
10/06/2009,124.153
09/06/2009,123.353
08/06/2009,124.744
05/06/2009,124.292
04/06/2009,124.524
03/06/2009,121.150
02/06/2009,125.277
01/06/2009,126.587
29/05/2009,123.932
28/05/2009,124.002
27/05/2009,120.454
26/05/2009,121.289
25/05/2009,118.483
22/05/2009,117.811
21/05/2009,117.394
20/05/2009,119.527
19/05/2009,120.083
18/05/2009,120.107
15/05/2009,114.750
14/05/2009,115.817
13/05/2009,113.962
12/05/2009,117.788
11/05/2009,119.480
08/05/2009,120.570
07/05/2009,117.556
06/05/2009,120.408
05/05/2009,118.947
04/05/2009,118.483
30/04/2009,110.368
29/04/2009,110.948
28/04/2009,107.818
27/04/2009,107.586
24/04/2009,110.600
23/04/2009,108.165
22/04/2009,105.267
20/04/2009,104.456
17/04/2009,107.354
16/04/2009,108.745
15/04/2009,106.751
14/04/2009,107.284
13/04/2009,108.858
09/04/2009,107.994
08/04/2009,104.895
07/04/2009,104.162
06/04/2009,104.871
03/04/2009,105.274
02/04/2009,104.446
01/04/2009,99.785
31/03/2009,96.994
30/03/2009,96.520
27/03/2009,99.832
26/03/2009,101.370
25/03/2009,99.785
24/03/2009,98.957
23/03/2009,101.252
20/03/2009,95.645
19/03/2009,96.047
18/03/2009,96.047
17/03/2009,94.391
16/03/2009,91.907
13/03/2009,93.090
12/03/2009,93.327
11/03/2009,92.783
10/03/2009,92.854
09/03/2009,87.767
06/03/2009,88.595
05/03/2009,90.027
04/03/2009,91.907
03/03/2009,87.294
02/03/2009,86.939
27/02/2009,91.316
26/02/2009,92.073
25/02/2009,91.789
20/02/2009,93.682
19/02/2009,95.692
18/02/2009,95.574
17/02/2009,95.823
16/02/2009,99.900
13/02/2009,100.260
12/02/2009,97.382
11/02/2009,98.581
10/02/2009,98.821
09/02/2009,101.303
06/02/2009,103.018
05/02/2009,98.941
04/02/2009,96.662
03/02/2009,95.583
02/02/2009,93.184
30/01/2009,94.623
29/01/2009,95.775
28/01/2009,97.154
27/01/2009,93.880
26/01/2009,93.064
23/01/2009,91.865
22/01/2009,91.985
21/01/2009,93.304
20/01/2009,90.666
19/01/2009,94.048
16/01/2009,95.463
15/01/2009,94.803
14/01/2009,92.584
13/01/2009,96.542
12/01/2009,96.182
09/01/2009,101.099
08/01/2009,101.939
07/01/2009,100.008
06/01/2009,103.498
05/01/2009,101.459
02/01/2009,98.221
30/12/2008,91.025
29/12/2008,90.714
26/12/2008,90.186
23/12/2008,89.346
22/12/2008,92.584
19/12/2008,95.942
18/12/2008,96.302
17/12/2008,97.621
16/12/2008,98.101
15/12/2008,93.937
12/12/2008,96.019
11/12/2008,95.039
10/12/2008,95.652
09/12/2008,93.937
08/12/2008,94.305
05/12/2008,87.568
04/12/2008,87.324
03/12/2008,87.201
02/12/2008,86.589
01/12/2008,85.842
28/11/2008,90.630
27/11/2008,89.651
26/11/2008,90.263
25/11/2008,86.466
24/11/2008,84.262
21/11/2008,77.526
19/11/2008,82.792
18/11/2008,84.139
17/11/2008,88.671
14/11/2008,89.038
13/11/2008,89.651
12/11/2008,85.486
11/11/2008,92.957
10/11/2008,91.243
07/11/2008,91.488
06/11/2008,91.120
05/11/2008,94.305
04/11/2008,100.551
03/11/2008,95.529
31/10/2008,92.345
30/10/2008,94.305
29/10/2008,86.956
28/10/2008,82.927
27/10/2008,73.117
24/10/2008,78.138
23/10/2008,84.507
22/10/2008,88.340
21/10/2008,97.734
20/10/2008,98.958
17/10/2008,91.365
16/10/2008,91.855
15/10/2008,92.835
14/10/2008,103.612
13/10/2008,102.615
10/10/2008,89.773
09/10/2008,92.640
08/10/2008,97.004
07/10/2008,100.869
06/10/2008,105.483
03/10/2008,111.468
02/10/2008,115.707
01/10/2008,124.684
30/09/2008,123.188
29/09/2008,117.128
26/09/2008,128.175
25/09/2008,130.170
24/09/2008,125.183
23/09/2008,124.933
22/09/2008,129.671
19/09/2008,132.452
18/09/2008,122.315
17/09/2008,116.330
16/09/2008,123.687
15/09/2008,122.564
12/09/2008,131.916
11/09/2008,128.923
10/09/2008,124.809
09/09/2008,122.190
08/09/2008,128.549
05/09/2008,130.170
04/09/2008,129.671
03/09/2008,135.158
02/09/2008,137.527
01/09/2008,139.447
29/08/2008,140.893
28/08/2008,143.137
27/08/2008,140.768
26/08/2008,138.025
25/08/2008,138.150
22/08/2008,141.142
21/08/2008,141.891
20/08/2008,140.444
19/08/2008,136.404
18/08/2008,136.155
15/08/2008,137.901
14/08/2008,140.519
13/08/2008,139.621
12/08/2008,138.399
11/08/2008,139.675
08/08/2008,144.573
07/08/2008,145.670
06/08/2008,147.226
05/08/2008,144.267
04/08/2008,142.481
01/08/2008,147.201
31/07/2008,152.558
30/07/2008,153.834
29/07/2008,148.680
28/07/2008,146.027
25/07/2008,146.563
24/07/2008,147.073
23/07/2008,152.558
22/07/2008,153.579
21/07/2008,156.257
18/07/2008,153.961
17/07/2008,154.854
16/07/2008,160.084
15/07/2008,157.635
14/07/2008,156.512
11/07/2008,154.982
10/07/2008,155.364
08/07/2008,153.196
07/07/2008,152.048
04/07/2008,152.431
03/07/2008,152.686
02/07/2008,157.150
01/07/2008,163.528
30/06/2008,167.482
27/06/2008,165.441
26/06/2008,165.186
25/06/2008,170.314
24/06/2008,166.079
23/06/2008,167.482
20/06/2008,166.845
19/06/2008,172.712
18/06/2008,173.733
17/06/2008,177.177
16/06/2008,174.249
13/06/2008,173.860
12/06/2008,174.249
11/06/2008,173.212
10/06/2008,175.985
09/06/2008,179.690
06/06/2008,180.986
05/06/2008,184.976
04/06/2008,178.135
03/06/2008,182.281
02/06/2008,186.556
30/05/2008,188.370
29/05/2008,186.427
28/05/2008,190.184
27/05/2008,184.483
26/05/2008,186.556
23/05/2008,186.038
21/05/2008,189.147
20/05/2008,191.583
19/05/2008,190.961
16/05/2008,190.184
15/05/2008,187.075
14/05/2008,182.799
13/05/2008,184.743
12/05/2008,184.017
09/05/2008,181.996
08/05/2008,182.799
07/05/2008,180.338
06/05/2008,184.095
05/05/2008,183.810
02/05/2008,181.892
30/04/2008,176.969
29/04/2008,166.864
28/04/2008,172.694
25/04/2008,171.735
24/04/2008,169.766
23/04/2008,170.880
22/04/2008,172.176
18/04/2008,170.492
17/04/2008,169.326
16/04/2008,168.548
15/04/2008,164.532
14/04/2008,163.481
11/04/2008,164.532
10/04/2008,167.292
09/04/2008,167.266
08/04/2008,169.868
07/04/2008,169.263
04/04/2008,170.393
03/04/2008,169.132
02/04/2008,167.292
01/04/2008,165.978
31/03/2008,159.933
28/03/2008,159.249
27/03/2008,160.196
26/03/2008,162.377
25/03/2008,161.930
24/03/2008,158.435
20/03/2008,156.884
19/03/2008,155.070
18/03/2008,164.138
17/03/2008,159.407
14/03/2008,164.138
13/03/2008,164.953
12/03/2008,164.664
11/03/2008,165.058
10/03/2008,159.407
07/03/2008,163.744
06/03/2008,167.082
05/03/2008,172.023
04/03/2008,169.000
03/03/2008,171.497
29/02/2008,168.659
28/02/2008,174.126
27/02/2008,174.651
26/02/2008,173.337
25/02/2008,172.154
22/02/2008,171.839
21/02/2008,169.132
20/02/2008,169.237
19/02/2008,164.927
18/02/2008,167.292
15/02/2008,162.692
14/02/2008,164.059
13/02/2008,166.635
12/02/2008,164.138
11/02/2008,160.964
08/02/2008,156.731
07/02/2008,156.070
06/02/2008,155.806
01/02/2008,162.683
31/01/2008,157.260
30/01/2008,159.244
29/01/2008,157.922
28/01/2008,154.880
24/01/2008,151.957
23/01/2008,141.653
22/01/2008,148.267
21/01/2008,142.182
18/01/2008,151.970
17/01/2008,151.414
16/01/2008,155.673
15/01/2008,158.980
14/01/2008,165.328
11/01/2008,164.535
10/01/2008,168.238
09/01/2008,166.387
08/01/2008,164.403
07/01/2008,160.964
04/01/2008,161.625
03/01/2008,166.916
02/01/2008,167.259
28/12/2007,170.354
27/12/2007,169.693
26/12/2007,171.413
21/12/2007,168.503
20/12/2007,164.270
19/12/2007,163.874
18/12/2007,162.181
17/12/2007,159.641
14/12/2007,166.387
13/12/2007,167.577
12/12/2007,174.322
11/12/2007,172.603
10/12/2007,175.064
07/12/2007,175.759
06/12/2007,176.134
05/12/2007,173.887
04/12/2007,170.249
03/12/2007,169.045
30/11/2007,169.527
29/11/2007,166.237
28/11/2007,165.836
27/11/2007,159.149
26/11/2007,158.079
23/11/2007,163.161
22/11/2007,162.626
21/11/2007,163.027
19/11/2007,167.173
16/11/2007,173.807
14/11/2007,173.860
13/11/2007,169.366
12/11/2007,165.033
09/11/2007,172.282
08/11/2007,169.313
07/11/2007,170.784
06/11/2007,173.833
05/11/2007,169.580
01/11/2007,172.523
31/10/2007,176.000
30/10/2007,173.726
29/10/2007,175.465
26/10/2007,173.379
25/10/2007,168.109
24/10/2007,169.313
23/10/2007,169.634
22/10/2007,165.167
19/10/2007,164.204
18/10/2007,170.329
17/10/2007,169.714
16/10/2007,166.504
15/10/2007,169.199
11/10/2007,167.852
10/10/2007,170.546
09/10/2007,171.300
08/10/2007,169.064
05/10/2007,168.256
04/10/2007,162.921
03/10/2007,162.598
02/10/2007,167.259
01/10/2007,168.256
28/09/2007,163.406
27/09/2007,164.753
26/09/2007,161.439
25/09/2007,159.149
24/09/2007,158.044
21/09/2007,156.051
20/09/2007,153.437
19/09/2007,154.811
18/09/2007,153.356
17/09/2007,145.840
14/09/2007,147.779
13/09/2007,148.049
12/09/2007,144.735
11/09/2007,145.355
10/09/2007,141.583
06/09/2007,146.890
05/09/2007,146.702
04/09/2007,148.992
03/09/2007,147.429
31/08/2007,146.702
30/08/2007,142.391
29/08/2007,142.337
28/08/2007,138.215
27/08/2007,142.930
24/08/2007,143.011
23/08/2007,139.158
22/08/2007,139.562
21/08/2007,134.039
20/08/2007,132.287
17/08/2007,131.075
16/08/2007,128.785
15/08/2007,132.018
14/08/2007,138.484
13/08/2007,142.577
10/08/2007,143.451
09/08/2007,145.715
08/08/2007,150.709
07/08/2007,146.288
06/08/2007,144.760
03/08/2007,142.714
02/08/2007,149.317
01/08/2007,147.898
31/07/2007,147.080
30/07/2007,148.908
27/07/2007,143.942
26/07/2007,146.234
25/07/2007,153.083
24/07/2007,152.101
23/07/2007,158.732
20/07/2007,157.067
19/07/2007,159.277
18/07/2007,157.804
17/07/2007,157.640
16/07/2007,157.367
13/07/2007,158.131
12/07/2007,158.213
11/07/2007,154.720
10/07/2007,153.138
06/07/2007,155.266
05/07/2007,153.738
04/07/2007,152.810
03/07/2007,153.192
02/07/2007,152.592
29/06/2007,149.454
28/06/2007,149.154
27/06/2007,148.990
26/06/2007,148.417
25/06/2007,148.854
22/06/2007,149.263
21/06/2007,151.173
20/06/2007,149.208
19/06/2007,150.900
18/06/2007,150.900
15/06/2007,151.146
14/06/2007,148.089
13/06/2007,145.934
12/06/2007,142.714
11/06/2007,145.339
08/06/2007,144.786
06/06/2007,143.543
05/06/2007,146.444
04/06/2007,147.052
01/06/2007,147.356
31/05/2007,144.510
30/05/2007,145.283
29/05/2007,143.211
28/05/2007,144.648
25/05/2007,142.990
24/05/2007,139.619
23/05/2007,143.045
22/05/2007,144.399
21/05/2007,145.118
18/05/2007,144.399
17/05/2007,143.405
16/05/2007,143.957
15/05/2007,140.144
14/05/2007,140.089
11/05/2007,141.470
10/05/2007,139.343
09/05/2007,142.962
08/05/2007,139.895
07/05/2007,140.282
04/05/2007,141.166
03/05/2007,140.006
02/05/2007,137.934
30/04/2007,135.557
27/04/2007,137.602
26/04/2007,136.994
25/04/2007,138.984
24/04/2007,136.967
23/04/2007,137.271
20/04/2007,138.320
19/04/2007,136.386
18/04/2007,135.972
17/04/2007,136.151
16/04/2007,136.626
13/04/2007,133.861
12/04/2007,132.017
11/04/2007,131.067
10/04/2007,131.766
09/04/2007,131.235
05/04/2007,130.201
04/04/2007,130.341
03/04/2007,129.587
02/04/2007,127.492
30/03/2007,127.157
29/03/2007,127.101
28/03/2007,124.335
27/03/2007,126.766
26/03/2007,128.218
23/03/2007,127.799
22/03/2007,127.576
21/03/2007,128.162
20/03/2007,124.224
19/03/2007,122.408
16/03/2007,119.000
15/03/2007,120.816
14/03/2007,121.514
13/03/2007,119.838
12/03/2007,124.447
09/03/2007,124.251
08/03/2007,122.073
07/03/2007,119.084
06/03/2007,121.290
05/03/2007,116.151
02/03/2007,118.860
01/03/2007,122.547
28/02/2007,123.525
27/02/2007,121.318
26/02/2007,130.900
23/02/2007,130.229
22/02/2007,131.878
21/02/2007,131.012
16/02/2007,130.062
15/02/2007,130.565
14/02/2007,130.788
13/02/2007,128.442
12/02/2007,124.776
09/02/2007,125.799
08/02/2007,127.618
07/02/2007,126.680
06/02/2007,128.953
05/02/2007,129.152
02/02/2007,128.101
01/02/2007,127.816
31/01/2007,127.248
30/01/2007,125.600
29/01/2007,124.094
26/01/2007,126.737
24/01/2007,127.816
23/01/2007,126.396
22/01/2007,124.719
19/01/2007,124.208
18/01/2007,121.622
17/01/2007,122.673
16/01/2007,122.218
15/01/2007,122.872
12/01/2007,123.810
11/01/2007,122.758
10/01/2007,121.622
09/01/2007,120.854
08/01/2007,122.844
05/01/2007,121.195
04/01/2007,126.964
03/01/2007,127.959
02/01/2007,130.829
28/12/2006,127.959
27/12/2006,128.442
26/12/2006,126.055
22/12/2006,125.401
21/12/2006,125.259
20/12/2006,125.799
19/12/2006,126.225
18/12/2006,125.969
15/12/2006,126.509
14/12/2006,126.964
13/12/2006,125.486
12/12/2006,124.463
11/12/2006,125.244
08/12/2006,124.290
07/12/2006,124.695
06/12/2006,124.984
05/12/2006,125.389
04/12/2006,123.624
01/12/2006,119.805
30/11/2006,122.033
29/11/2006,121.715
28/11/2006,119.198
27/11/2006,118.619
24/11/2006,121.078
23/11/2006,122.525
22/11/2006,122.322
21/11/2006,120.963
17/11/2006,119.487
16/11/2006,119.892
14/11/2006,120.268
13/11/2006,118.764
10/11/2006,118.851
09/11/2006,119.342
08/11/2006,121.165
07/11/2006,120.124
06/11/2006,120.702
03/11/2006,118.503
01/11/2006,117.144
31/10/2006,115.147
30/10/2006,114.106
27/10/2006,115.176
26/10/2006,116.478
25/10/2006,116.189
24/10/2006,116.015
23/10/2006,115.321
20/10/2006,113.296
19/10/2006,114.279
18/10/2006,113.874
17/10/2006,114.627
16/10/2006,115.540
13/10/2006,114.420
11/10/2006,113.095
10/10/2006,114.185
09/10/2006,113.242
06/10/2006,112.241
05/10/2006,112.270
04/10/2006,111.770
03/10/2006,107.912
02/10/2006,109.561
29/09/2006,107.735
28/09/2006,107.794
27/09/2006,106.881
26/09/2006,105.909
25/09/2006,103.906
22/09/2006,103.111
21/09/2006,103.170
20/09/2006,104.171
19/09/2006,106.616
18/09/2006,108.471
15/09/2006,107.352
14/09/2006,107.588
13/09/2006,108.736
12/09/2006,107.647
11/09/2006,106.557
08/09/2006,108.736
06/09/2006,109.738
05/09/2006,111.917
04/09/2006,112.801
01/09/2006,111.387
31/08/2006,108.825
30/08/2006,108.471
29/08/2006,108.825
28/08/2006,108.795
25/08/2006,107.794
24/08/2006,107.264
23/08/2006,106.586
22/08/2006,109.973
21/08/2006,111.593
18/08/2006,112.712
17/08/2006,113.095
16/08/2006,113.390
15/08/2006,111.976
14/08/2006,109.814
11/08/2006,111.345
10/08/2006,112.516
09/08/2006,112.066
08/08/2006,113.147
07/08/2006,113.537
04/08/2006,114.168
03/08/2006,113.117
02/08/2006,112.516
01/08/2006,111.195
31/07/2006,112.006
28/07/2006,112.907
27/07/2006,111.556
26/07/2006,110.505
25/07/2006,111.015
24/07/2006,109.694
21/07/2006,107.442
20/07/2006,108.733
19/07/2006,111.375
18/07/2006,106.511
17/07/2006,105.940
14/07/2006,107.442
13/07/2006,107.292
12/07/2006,109.844
11/07/2006,111.255
10/07/2006,109.874
07/07/2006,109.544
06/07/2006,111.075
05/07/2006,110.805
04/07/2006,113.808
03/07/2006,114.228
30/06/2006,111.946
29/06/2006,111.255
28/06/2006,106.090
27/06/2006,105.099
26/06/2006,105.670
23/06/2006,105.760
22/06/2006,104.709
21/06/2006,105.550
20/06/2006,102.697
19/06/2006,103.748
16/06/2006,104.949
14/06/2006,100.775
13/06/2006,100.535
12/06/2006,102.213
09/06/2006,107.095
08/06/2006,108.316
07/06/2006,108.224
06/06/2006,111.519
05/06/2006,112.190
02/06/2006,115.974
01/06/2006,115.272
31/05/2006,112.465
30/05/2006,111.824
29/05/2006,116.889
26/05/2006,118.415
25/05/2006,114.875
24/05/2006,109.994
23/05/2006,110.451
22/05/2006,114.174
19/05/2006,115.821
18/05/2006,116.249
17/05/2006,117.408
16/05/2006,121.435
15/05/2006,121.069
12/05/2006,123.358
11/05/2006,125.616
10/05/2006,128.423
09/05/2006,129.155
08/05/2006,128.087
05/05/2006,127.782
04/05/2006,126.409
03/05/2006,126.470
02/05/2006,126.531
28/04/2006,124.792
27/04/2006,123.266
26/04/2006,125.219
25/04/2006,122.717
24/04/2006,123.266
20/04/2006,123.388
19/04/2006,123.846
18/04/2006,122.900
17/04/2006,118.964
13/04/2006,118.110
12/04/2006,119.086
11/04/2006,117.896
10/04/2006,119.387
07/04/2006,121.220
06/04/2006,122.183
05/04/2006,121.655
04/04/2006,120.537
03/04/2006,120.723
31/03/2006,118.114
30/03/2006,117.865
29/03/2006,116.778
28/03/2006,114.168
27/03/2006,117.430
24/03/2006,117.554
23/03/2006,117.119
22/03/2006,118.424
21/03/2006,117.088
20/03/2006,119.915
17/03/2006,119.387
16/03/2006,119.698
15/03/2006,120.288
14/03/2006,117.989
13/03/2006,115.442
10/03/2006,116.094
09/03/2006,114.075
08/03/2006,117.368
07/03/2006,118.269
06/03/2006,120.754
03/03/2006,123.674
02/03/2006,123.208
01/03/2006,123.799
24/02/2006,121.935
23/02/2006,120.723
22/02/2006,120.568
21/02/2006,120.475
20/02/2006,122.152
17/02/2006,121.655
16/02/2006,121.344
15/02/2006,117.927
14/02/2006,116.032
13/02/2006,114.324
10/02/2006,117.171
09/02/2006,116.696
08/02/2006,115.273
07/02/2006,116.032
06/02/2006,118.151
03/02/2006,118.246
02/02/2006,118.025
01/02/2006,122.262
31/01/2006,121.029
30/01/2006,121.345
27/01/2006,120.080
26/01/2006,120.808
24/01/2006,118.594
23/01/2006,116.696
20/01/2006,116.760
19/01/2006,117.487
18/01/2006,113.850
17/01/2006,115.210
16/01/2006,116.728
13/01/2006,114.736
12/01/2006,114.293
11/01/2006,114.704
10/01/2006,112.016
09/01/2006,112.585
06/01/2006,113.344
05/01/2006,111.953
04/01/2006,112.142
03/01/2006,111.130
02/01/2006,107.272
29/12/2005,106.576
28/12/2005,105.975
27/12/2005,106.766
26/12/2005,107.367
23/12/2005,107.114
22/12/2005,108.189
21/12/2005,107.905
20/12/2005,106.481
19/12/2005,106.102
16/12/2005,107.462
15/12/2005,107.114
14/12/2005,108.790
13/12/2005,108.158
12/12/2005,106.736
09/12/2005,106.736
08/12/2005,105.249
07/12/2005,106.089
06/12/2005,107.737
05/12/2005,106.089
02/12/2005,106.413
01/12/2005,105.895
30/11/2005,103.633
29/11/2005,102.793
28/11/2005,101.953
25/11/2005,103.763
24/11/2005,103.730
23/11/2005,103.763
22/11/2005,102.599
21/11/2005,101.145
18/11/2005,101.016
17/11/2005,101.404
16/11/2005,99.368
14/11/2005,98.431
11/11/2005,99.206
10/11/2005,100.499
09/11/2005,100.176
08/11/2005,101.178
07/11/2005,101.339
04/11/2005,101.242
03/11/2005,101.695
01/11/2005,101.081
31/10/2005,98.883
28/10/2005,96.072
27/10/2005,95.070
26/10/2005,97.171
25/10/2005,97.138
24/10/2005,97.655
21/10/2005,95.296
20/10/2005,92.291
19/10/2005,97.267
18/10/2005,95.587
17/10/2005,98.819
14/10/2005,98.398
13/10/2005,98.431
11/10/2005,100.644
10/10/2005,99.722
07/10/2005,98.404
06/10/2005,96.329
05/10/2005,99.491
04/10/2005,103.016
03/10/2005,104.861
30/09/2005,104.103
29/09/2005,102.983
28/09/2005,103.576
27/09/2005,102.028
26/09/2005,103.049
23/09/2005,103.741
22/09/2005,101.797
21/09/2005,102.226
20/09/2005,99.327
19/09/2005,99.821
16/09/2005,98.898
15/09/2005,97.498
14/09/2005,96.691
13/09/2005,96.065
12/09/2005,96.691
09/09/2005,97.383
08/09/2005,96.098
06/09/2005,96.296
05/09/2005,94.978
02/09/2005,94.550
01/09/2005,93.331
31/08/2005,93.726
30/08/2005,92.277
29/08/2005,91.453
26/08/2005,90.366
25/08/2005,91.716
24/08/2005,89.213
23/08/2005,89.509
22/08/2005,91.453
19/08/2005,88.719
18/08/2005,90.102
17/08/2005,92.211
16/08/2005,90.778
15/08/2005,91.851
12/08/2005,90.140
11/08/2005,89.000
10/08/2005,91.079
09/08/2005,91.750
08/08/2005,89.637
05/08/2005,89.201
04/08/2005,88.900
03/08/2005,89.772
02/08/2005,90.140
01/08/2005,88.665
29/07/2005,87.726
28/07/2005,87.994
27/07/2005,84.842
26/07/2005,83.434
25/07/2005,82.293
22/07/2005,85.379
21/07/2005,87.089
20/07/2005,86.619
19/07/2005,85.379
18/07/2005,85.814
15/07/2005,85.479
14/07/2005,88.296
13/07/2005,88.095
12/07/2005,86.686
11/07/2005,85.144
08/07/2005,82.830
07/07/2005,82.964
06/07/2005,83.601
05/07/2005,84.004
04/07/2005,85.311
01/07/2005,86.284
30/06/2005,85.848
29/06/2005,85.747
28/06/2005,86.452
27/06/2005,86.418
24/06/2005,85.714
23/06/2005,85.110
22/06/2005,88.397
21/06/2005,88.631
20/06/2005,89.772
17/06/2005,89.973
16/06/2005,88.665
15/06/2005,87.860
14/06/2005,88.698
13/06/2005,87.771
10/06/2005,87.983
09/06/2005,86.428
08/06/2005,87.205
07/06/2005,88.689
06/06/2005,90.633
03/06/2005,93.777
02/06/2005,94.908
01/06/2005,92.329
31/05/2005,89.820
30/05/2005,90.421
27/05/2005,89.926
25/05/2005,87.205
24/05/2005,87.205
23/05/2005,85.969
20/05/2005,87.382
19/05/2005,88.619
18/05/2005,88.795
17/05/2005,87.099
16/05/2005,86.923
13/05/2005,85.156
12/05/2005,85.651
11/05/2005,88.265
10/05/2005,88.371
09/05/2005,90.986
06/05/2005,91.481
05/05/2005,91.021
04/05/2005,90.809
03/05/2005,88.230
02/05/2005,88.124
29/04/2005,87.912
28/04/2005,87.099
27/04/2005,90.527
26/04/2005,90.562
25/04/2005,90.456
22/04/2005,89.043
20/04/2005,89.926
19/04/2005,91.551
18/04/2005,89.467
15/04/2005,88.301
14/04/2005,89.643
13/04/2005,93.742
12/04/2005,94.519
11/04/2005,93.151
08/04/2005,92.898
07/04/2005,94.700
06/04/2005,92.394
05/04/2005,93.511
01/04/2005,96.212
31/03/2005,95.960
30/03/2005,95.384
29/03/2005,93.187
28/03/2005,94.411
24/03/2005,95.492
23/03/2005,94.555
22/03/2005,95.672
21/03/2005,98.986
18/03/2005,99.634
17/03/2005,101.508
16/03/2005,100.823
15/03/2005,100.031
14/03/2005,101.976
11/03/2005,102.012
10/03/2005,103.849
09/03/2005,103.092
08/03/2005,105.722
07/03/2005,107.163
04/03/2005,106.262
03/03/2005,104.173
02/03/2005,103.092
01/03/2005,101.183
28/02/2005,102.480
25/02/2005,103.849
24/02/2005,104.137
23/02/2005,99.058
22/02/2005,97.257
21/02/2005,98.266
18/02/2005,98.122
17/02/2005,99.490
16/02/2005,96.933
15/02/2005,97.761
14/02/2005,97.504
11/02/2005,98.019
10/02/2005,97.540
09/02/2005,97.172
04/02/2005,94.817
03/02/2005,91.725
02/02/2005,90.841
01/02/2005,88.743
31/01/2005,90.105
28/01/2005,88.339
27/01/2005,88.670
26/01/2005,90.731
24/01/2005,89.443
21/01/2005,88.081
20/01/2005,87.455
19/01/2005,89.737
18/01/2005,89.148
17/01/2005,91.173
14/01/2005,92.829
13/01/2005,92.387
12/01/2005,91.614
11/01/2005,90.878
10/01/2005,90.289
07/01/2005,92.314
06/01/2005,91.026
05/01/2005,92.351
04/01/2005,93.197
03/01/2005,96.215
30/12/2004,98.203
29/12/2004,98.424
28/12/2004,98.129
27/12/2004,97.835
23/12/2004,97.467
22/12/2004,97.467
21/12/2004,97.909
20/12/2004,96.547
17/12/2004,97.099
16/12/2004,97.356
15/12/2004,96.768
14/12/2004,96.731
13/12/2004,95.521
10/12/2004,94.348
09/12/2004,92.760
08/12/2004,94.764
07/12/2004,94.916
06/12/2004,97.298
03/12/2004,96.731
02/12/2004,95.672
01/12/2004,95.861
30/11/2004,95.785
29/11/2004,94.651
26/11/2004,95.294
25/11/2004,94.840
24/11/2004,92.798
23/11/2004,92.987
22/11/2004,93.479
19/11/2004,91.701
18/11/2004,92.193
17/11/2004,92.344
16/11/2004,91.040
12/11/2004,92.023
11/11/2004,90.189
10/11/2004,89.735
09/11/2004,88.941
08/11/2004,89.168
05/11/2004,90.491
04/11/2004,91.890
03/11/2004,90.945
01/11/2004,89.735
29/10/2004,88.600
28/10/2004,88.260
27/10/2004,89.432
26/10/2004,87.995
25/10/2004,87.277
22/10/2004,87.655
21/10/2004,89.206
20/10/2004,88.600
19/10/2004,88.638
18/10/2004,90.832
15/10/2004,90.227
14/10/2004,89.016
13/10/2004,90.416
11/10/2004,93.271
08/10/2004,92.689
07/10/2004,93.581
06/10/2004,93.309
05/10/2004,94.046
04/10/2004,93.930
01/10/2004,92.650
30/09/2004,90.596
29/09/2004,90.324
28/09/2004,90.557
27/09/2004,88.929
24/09/2004,89.665
23/09/2004,89.743
22/09/2004,88.735
21/09/2004,90.286
20/09/2004,90.169
17/09/2004,90.324
16/09/2004,89.665
15/09/2004,87.378
14/09/2004,87.456
13/09/2004,85.362
10/09/2004,86.099
09/09/2004,87.650
08/09/2004,88.347
06/09/2004,88.502
03/09/2004,87.998
02/09/2004,89.355
01/09/2004,88.696
31/08/2004,90.053
30/08/2004,90.169
27/08/2004,89.006
26/08/2004,89.084
25/08/2004,91.061
24/08/2004,90.363
23/08/2004,90.208
20/08/2004,91.836
19/08/2004,90.828
18/08/2004,90.480
17/08/2004,87.417
16/08/2004,86.229
13/08/2004,84.605
12/08/2004,85.476
11/08/2004,85.516
10/08/2004,86.268
09/08/2004,84.367
06/08/2004,85.951
05/08/2004,84.407
04/08/2004,88.130
03/08/2004,88.962
02/08/2004,89.437
29/07/2004,88.684
28/07/2004,88.605
27/07/2004,86.744
26/07/2004,85.159
23/07/2004,86.348
22/07/2004,87.358
21/07/2004,87.417
20/07/2004,89.754
19/07/2004,88.605
16/07/2004,90.150
15/07/2004,88.526
14/07/2004,87.061
13/07/2004,87.219
12/07/2004,86.783
08/07/2004,84.050
07/07/2004,85.239
06/07/2004,85.476
05/07/2004,87.575
02/07/2004,87.259
01/07/2004,86.150
30/06/2004,85.318
29/06/2004,83.931
28/06/2004,81.753
25/06/2004,83.733
24/06/2004,83.694
23/06/2004,84.328
22/06/2004,81.594
21/06/2004,82.070
18/06/2004,81.872
17/06/2004,82.189
16/06/2004,82.466
15/06/2004,80.961
14/06/2004,78.537
11/06/2004,79.870
09/06/2004,80.193
08/06/2004,82.011
07/06/2004,82.698
04/06/2004,79.910
03/06/2004,78.537
02/06/2004,79.789
01/06/2004,79.224
31/05/2004,79.143
28/05/2004,79.951
27/05/2004,79.991
26/05/2004,77.406
25/05/2004,76.759
24/05/2004,75.830
21/05/2004,74.214
20/05/2004,73.770
19/05/2004,76.072
18/05/2004,75.588
17/05/2004,73.810
14/05/2004,75.911
13/05/2004,75.022
12/05/2004,74.739
11/05/2004,75.830
10/05/2004,71.992
07/05/2004,75.951
06/05/2004,78.618
05/05/2004,81.607
04/05/2004,81.284
03/05/2004,80.516
30/04/2004,79.789
29/04/2004,81.001
28/04/2004,83.668
27/04/2004,87.223
26/04/2004,87.223
23/04/2004,88.475
22/04/2004,86.738
20/04/2004,85.930
19/04/2004,88.596
16/04/2004,88.879
15/04/2004,88.637
14/04/2004,92.111
13/04/2004,92.596
12/04/2004,93.128
08/04/2004,92.759
07/04/2004,91.614
06/04/2004,94.560
05/04/2004,95.010
02/04/2004,94.069
01/04/2004,92.637
31/03/2004,90.264
30/03/2004,90.407
29/03/2004,88.054
26/03/2004,88.299
25/03/2004,85.640
24/03/2004,86.254
23/03/2004,86.663
22/03/2004,89.200
19/03/2004,91.614
18/03/2004,92.309
17/03/2004,90.141
16/03/2004,89.241
15/03/2004,87.522
12/03/2004,89.691
11/03/2004,85.108
10/03/2004,89.118
09/03/2004,93.905
08/03/2004,95.255
05/03/2004,94.683
04/03/2004,92.105
03/03/2004,93.578
02/03/2004,92.719
01/03/2004,93.414
27/02/2004,89.609
26/02/2004,88.709
25/02/2004,89.895
20/02/2004,88.422
19/02/2004,86.581
18/02/2004,90.877
17/02/2004,92.923
16/02/2004,92.215
13/02/2004,93.506
12/02/2004,95.921
11/02/2004,97.003
10/02/2004,92.340
09/02/2004,91.341
06/02/2004,91.341
05/02/2004,87.344
04/02/2004,90.321
03/02/2004,93.006
02/02/2004,90.675
30/01/2004,90.842
29/01/2004,93.464
28/01/2004,99.584
27/01/2004,101.708
26/01/2004,102.041
23/01/2004,98.710
22/01/2004,96.295
21/01/2004,98.086
20/01/2004,99.792
19/01/2004,98.710
16/01/2004,97.336
15/01/2004,96.878
14/01/2004,99.043
13/01/2004,101.291
12/01/2004,102.415
09/01/2004,100.875
08/01/2004,100.250
07/01/2004,98.460
06/01/2004,99.709
05/01/2004,99.751
02/01/2004,94.963
30/12/2003,94.047
29/12/2003,93.423
26/12/2003,92.215
23/12/2003,92.132
22/12/2003,91.674
19/12/2003,90.842
18/12/2003,91.216
17/12/2003,90.300
16/12/2003,88.552
15/12/2003,88.552
12/12/2003,89.745
11/12/2003,90.938
10/12/2003,89.830
09/12/2003,90.896
08/12/2003,89.234
05/12/2003,89.489
04/12/2003,87.316
03/12/2003,87.913
02/12/2003,87.572
01/12/2003,87.785
28/11/2003,86.293
27/11/2003,85.356
26/11/2003,84.589
25/11/2003,85.057
24/11/2003,84.546
21/11/2003,82.373
20/11/2003,82.415
19/11/2003,80.796
18/11/2003,80.327
17/11/2003,80.199
14/11/2003,81.393
13/11/2003,80.455
12/11/2003,81.052
11/11/2003,79.432
10/11/2003,80.029
07/11/2003,80.668
06/11/2003,80.455
05/11/2003,78.964
04/11/2003,80.285
03/11/2003,80.285
31/10/2003,77.728
30/10/2003,78.410
29/10/2003,78.154
28/10/2003,79.390
27/10/2003,76.918
24/10/2003,77.728
23/10/2003,77.216
22/10/2003,79.816
21/10/2003,80.711
20/10/2003,80.242
17/10/2003,77.643
16/10/2003,78.452
15/10/2003,78.708
14/10/2003,79.645
13/10/2003,79.012
10/10/2003,77.593
09/10/2003,77.506
08/10/2003,77.943
07/10/2003,76.545
06/10/2003,75.716
03/10/2003,75.017
02/10/2003,74.100
01/10/2003,72.615
30/09/2003,70.388
29/09/2003,71.000
26/09/2003,69.384
25/09/2003,69.821
24/09/2003,71.174
23/09/2003,72.528
22/09/2003,72.877
19/09/2003,74.580
18/09/2003,74.624
17/09/2003,72.965
16/09/2003,71.873
15/09/2003,72.615
12/09/2003,72.877
11/09/2003,72.048
10/09/2003,71.000
09/09/2003,69.952
08/09/2003,71.174
05/09/2003,70.738
04/09/2003,69.733
03/09/2003,69.384
02/09/2003,69.035
01/09/2003,68.729
29/08/2003,67.638
28/08/2003,67.376
27/08/2003,67.768
26/08/2003,66.808
25/08/2003,65.061
22/08/2003,65.454
21/08/2003,65.716
20/08/2003,65.280
19/08/2003,63.882
18/08/2003,63.882
15/08/2003,62.572
14/08/2003,62.310
13/08/2003,61.306
12/08/2003,61.000
11/08/2003,61.135
08/08/2003,60.596
07/08/2003,60.147
06/08/2003,58.081
05/08/2003,58.889
04/08/2003,58.305
01/08/2003,59.204
31/07/2003,60.911
30/07/2003,60.641
29/07/2003,61.405
28/07/2003,61.405
25/07/2003,62.213
23/07/2003,62.123
22/07/2003,62.840
21/07/2003,61.944
18/07/2003,62.706
17/07/2003,62.079
16/07/2003,61.541
15/07/2003,62.213
14/07/2003,62.079
11/07/2003,60.377
10/07/2003,61.272
08/07/2003,62.213
07/07/2003,61.183
04/07/2003,60.735
03/07/2003,60.197
02/07/2003,61.093
01/07/2003,61.093
30/06/2003,59.794
27/06/2003,59.884
26/06/2003,60.377
25/06/2003,59.929
24/06/2003,60.601
23/06/2003,60.063
20/06/2003,60.601
18/06/2003,62.862
17/06/2003,63.960
16/06/2003,64.470
13/06/2003,64.145
12/06/2003,65.166
11/06/2003,64.609
10/06/2003,64.934
09/06/2003,64.841
06/06/2003,65.212
05/06/2003,64.655
04/06/2003,64.284
03/06/2003,62.754
02/06/2003,62.012
30/05/2003,63.171
29/05/2003,63.079
28/05/2003,62.754
27/05/2003,62.476
26/05/2003,60.481
23/05/2003,62.104
22/05/2003,61.873
21/05/2003,61.641
19/05/2003,59.971
16/05/2003,62.276
15/05/2003,61.584
14/05/2003,63.566
13/05/2003,63.428
12/05/2003,63.105
09/05/2003,62.598
08/05/2003,61.262
07/05/2003,61.400
06/05/2003,60.063
05/05/2003,60.708
02/05/2003,60.985
30/04/2003,59.787
29/04/2003,60.432
28/04/2003,59.418
25/04/2003,57.666
24/04/2003,57.758
23/04/2003,59.372
22/04/2003,59.694
17/04/2003,59.418
16/04/2003,57.897
15/04/2003,58.219
14/04/2003,57.237
11/04/2003,56.542
10/04/2003,55.728
09/04/2003,56.255
08/04/2003,56.542
07/04/2003,58.363
04/04/2003,58.171
03/04/2003,57.980
02/04/2003,57.357
01/04/2003,56.255
31/03/2003,54.338
28/03/2003,55.201
27/03/2003,54.554
26/03/2003,54.338
25/03/2003,54.434
24/03/2003,53.667
21/03/2003,55.584
20/03/2003,54.386
19/03/2003,53.619
18/03/2003,54.290
17/03/2003,52.996
14/03/2003,52.996
13/03/2003,52.996
12/03/2003,52.038
11/03/2003,50.505
10/03/2003,50.409
07/03/2003,52.853
06/03/2003,52.373
05/03/2003,50.984
28/02/2003,50.792
27/02/2003,50.073
26/02/2003,49.115
25/02/2003,50.313
24/02/2003,50.696
21/02/2003,51.080
20/02/2003,50.457
19/02/2003,50.457
18/02/2003,51.655
17/02/2003,50.600
14/02/2003,49.930
13/02/2003,50.025
12/02/2003,52.206
11/02/2003,52.326
10/02/2003,52.326
07/02/2003,51.578
06/02/2003,52.924
05/02/2003,52.824
04/02/2003,52.724
03/02/2003,54.468
31/01/2003,54.668
30/01/2003,53.671
29/01/2003,54.568
28/01/2003,52.625
27/01/2003,52.874
24/01/2003,54.120
23/01/2003,56.063
22/01/2003,56.013
21/01/2003,57.409
20/01/2003,58.754
17/01/2003,59.103
16/01/2003,60.199
15/01/2003,60.399
14/01/2003,61.844
13/01/2003,61.445
10/01/2003,62.043
09/01/2003,60.598
08/01/2003,59.252
07/01/2003,60.548
06/01/2003,61.046
03/01/2003,59.203
02/01/2003,59.103